Country,ISO2,ISO3,Indicator,Unit,Source,CTS Code,CTS Name,CTS Full Descriptor,2015,2016,2017,2018,2019,2020,2021
Austria,AT,AUT,"Readiness score, Governance",,[ND-GAIN](https://gain.nd.edu/our-work/country-index/download-data/); [Findex](The Global Findex Database 2021 (worldbank.org)); [Worldwide Governance Indicators]( WGI 2022 Interactive > Home (worldbank.org)); and IMF staff calculations,,,,0.797834629,0.788614846,0.796604633,0.801463447,0.796219702,0.786098594,0.769206243
Austria,AT,AUT,"Readiness score, IMF-Adapted Economic",,[ND-GAIN](https://gain.nd.edu/our-work/country-index/download-data/); [Findex](The Global Findex Database 2021 (worldbank.org)); [Worldwide Governance Indicators]( WGI 2022 Interactive > Home (worldbank.org)); and IMF staff calculations,,,,0.79269095,0.802023806,0.808020884,0.814656991,0.825968466,0.846873954,0.846769864
Austria,AT,AUT,"Readiness score, Social",,[ND-GAIN](https://gain.nd.edu/our-work/country-index/download-data/); [Findex](The Global Findex Database 2021 (worldbank.org)); [Worldwide Governance Indicators]( WGI 2022 Interactive > Home (worldbank.org)); and IMF staff calculations,,,,0.70115537,0.706104734,0.711123318,0.713538162,0.713089438,0.715273753,0.718249255
Austria,AT,AUT,"Vulnerability score, Capacity",,[ND-GAIN](https://gain.nd.edu/our-work/country-index/download-data/); [Findex](The Global Findex Database 2021 (worldbank.org)); [Worldwide Governance Indicators]( WGI 2022 Interactive > Home (worldbank.org)); and IMF staff calculations,,,,0.283636872,0.277944974,0.271199018,0.266722297,0.269026514,0.26689445,0.26689445
Austria,AT,AUT,"Vulnerability score, Ecosystems",,[ND-GAIN](https://gain.nd.edu/our-work/country-index/download-data/); [Findex](The Global Findex Database 2021 (worldbank.org)); [Worldwide Governance Indicators]( WGI 2022 Interactive > Home (worldbank.org)); and IMF staff calculations. ,,,,0.281052569,0.279369805,0.279839024,0.280308243,0.281236321,0.282164399,0.283018205
Austria,AT,AUT,"Vulnerability score, Exposure",,[ND-GAIN](https://gain.nd.edu/our-work/country-index/download-data/); [Findex](The Global Findex Database 2021 (worldbank.org)); [Worldwide Governance Indicators]( WGI 2022 Interactive > Home (worldbank.org)); and IMF staff calculations. ,,,,0.350398075,0.350398075,0.350398075,0.350398075,0.350398075,0.350398075,0.350398075
Austria,AT,AUT,"Vulnerability score, Food",,[ND-GAIN](https://gain.nd.edu/our-work/country-index/download-data/); [Findex](The Global Findex Database 2021 (worldbank.org)); [Worldwide Governance Indicators]( WGI 2022 Interactive > Home (worldbank.org)); and IMF staff calculations. ,,,,0.299954115,0.301158945,0.290480985,0.283384068,0.288179664,0.285912877,0.282841772
Austria,AT,AUT,"Vulnerability score, Habitat",,[ND-GAIN](https://gain.nd.edu/our-work/country-index/download-data/); [Findex](The Global Findex Database 2021 (worldbank.org)); [Worldwide Governance Indicators]( WGI 2022 Interactive > Home (worldbank.org)); and IMF staff calculations. ,,,,0.350464224,0.34178466,0.340629025,0.339528628,0.340643399,0.34189122,0.343485465
Austria,AT,AUT,"Vulnerability score, Heath",,[ND-GAIN](https://gain.nd.edu/our-work/country-index/download-data/); [Findex](The Global Findex Database 2021 (worldbank.org)); [Worldwide Governance Indicators]( WGI 2022 Interactive > Home (worldbank.org)); and IMF staff calculations,,,,0.209257464,0.209110722,0.208399277,0.208149631,0.207772359,0.207649168,0.207649168
Austria,AT,AUT,"Vulnerability score, Infrastructure",,[ND-GAIN](https://gain.nd.edu/our-work/country-index/download-data/); [Findex](The Global Findex Database 2021 (worldbank.org)); [Worldwide Governance Indicators]( WGI 2022 Interactive > Home (worldbank.org)); and IMF staff calculations,,,,0.32327044,0.32588174,0.329365715,0.331551535,0.345467539,0.315702021,0.315702021
Austria,AT,AUT,"Vulnerability score, Sensitivity",,[ND-GAIN](https://gain.nd.edu/our-work/country-index/download-data/); [Findex](The Global Findex Database 2021 (worldbank.org)); [Worldwide Governance Indicators]( WGI 2022 Interactive > Home (worldbank.org)); and IMF staff calculations. ,,,,0.244547195,0.246024359,0.247374465,0.248259558,0.254053508,0.246008774,0.245697247
Austria,AT,AUT,"Vulnerability score, Water",,[ND-GAIN](https://gain.nd.edu/our-work/country-index/download-data/); [Findex](The Global Findex Database 2021 (worldbank.org)); [Worldwide Governance Indicators]( WGI 2022 Interactive > Home (worldbank.org)); and IMF staff calculations. ,,,,0.295249795,0.29533235,0.295418146,0.295501538,0.295575326,0.295634832,0.295634832
Belgium,BE,BEL,"Readiness score, Governance",,[ND-GAIN](https://gain.nd.edu/our-work/country-index/download-data/); [Findex](The Global Findex Database 2021 (worldbank.org)); [Worldwide Governance Indicators]( WGI 2022 Interactive > Home (worldbank.org)); and IMF staff calculations,,,,0.750691033,0.747404756,0.731153194,0.73345435,0.738714387,0.744234054,0.745462895
Belgium,BE,BEL,"Readiness score, IMF-Adapted Economic",,[ND-GAIN](https://gain.nd.edu/our-work/country-index/download-data/); [Findex](The Global Findex Database 2021 (worldbank.org)); [Worldwide Governance Indicators]( WGI 2022 Interactive > Home (worldbank.org)); and IMF staff calculations,,,,0.810306046,0.800436137,0.787779966,0.785830728,0.773590945,0.770537208,0.771158766
Belgium,BE,BEL,"Readiness score, Social",,[ND-GAIN](https://gain.nd.edu/our-work/country-index/download-data/); [Findex](The Global Findex Database 2021 (worldbank.org)); [Worldwide Governance Indicators]( WGI 2022 Interactive > Home (worldbank.org)); and IMF staff calculations,,,,0.546345169,0.56054456,0.562050692,0.550039992,0.550975185,0.551389795,0.552626765
Belgium,BE,BEL,"Vulnerability score, Capacity",,[ND-GAIN](https://gain.nd.edu/our-work/country-index/download-data/); [Findex](The Global Findex Database 2021 (worldbank.org)); [Worldwide Governance Indicators]( WGI 2022 Interactive > Home (worldbank.org)); and IMF staff calculations,,,,0.280592573,0.278797307,0.279152788,0.27943174,0.278453935,0.27763708,0.27763708
Belgium,BE,BEL,"Vulnerability score, Ecosystems",,[ND-GAIN](https://gain.nd.edu/our-work/country-index/download-data/); [Findex](The Global Findex Database 2021 (worldbank.org)); [Worldwide Governance Indicators]( WGI 2022 Interactive > Home (worldbank.org)); and IMF staff calculations. ,,,,0.316142866,0.314116463,0.313412634,0.312708806,0.314055234,0.315401663,0.318374467
Belgium,BE,BEL,"Vulnerability score, Exposure",,[ND-GAIN](https://gain.nd.edu/our-work/country-index/download-data/); [Findex](The Global Findex Database 2021 (worldbank.org)); [Worldwide Governance Indicators]( WGI 2022 Interactive > Home (worldbank.org)); and IMF staff calculations. ,,,,0.34025224,0.34025224,0.34025224,0.34025224,0.34025224,0.34025224,0.34025224
Belgium,BE,BEL,"Vulnerability score, Food",,[ND-GAIN](https://gain.nd.edu/our-work/country-index/download-data/); [Findex](The Global Findex Database 2021 (worldbank.org)); [Worldwide Governance Indicators]( WGI 2022 Interactive > Home (worldbank.org)); and IMF staff calculations. ,,,,0.143413447,0.142658533,0.141548556,0.139740726,0.139634236,0.142727298,0.138379143
Belgium,BE,BEL,"Vulnerability score, Habitat",,[ND-GAIN](https://gain.nd.edu/our-work/country-index/download-data/); [Findex](The Global Findex Database 2021 (worldbank.org)); [Worldwide Governance Indicators]( WGI 2022 Interactive > Home (worldbank.org)); and IMF staff calculations. ,,,,0.469587621,0.471298726,0.473677854,0.47609521,0.476898848,0.477450129,0.477955368
Belgium,BE,BEL,"Vulnerability score, Heath",,[ND-GAIN](https://gain.nd.edu/our-work/country-index/download-data/); [Findex](The Global Findex Database 2021 (worldbank.org)); [Worldwide Governance Indicators]( WGI 2022 Interactive > Home (worldbank.org)); and IMF staff calculations,,,,0.218840765,0.215986757,0.215148311,0.214169732,0.212459103,0.210959278,0.210959278
Belgium,BE,BEL,"Vulnerability score, Infrastructure",,[ND-GAIN](https://gain.nd.edu/our-work/country-index/download-data/); [Findex](The Global Findex Database 2021 (worldbank.org)); [Worldwide Governance Indicators]( WGI 2022 Interactive > Home (worldbank.org)); and IMF staff calculations,,,,0.478689303,0.463014657,0.464551399,0.479953922,0.47322883,0.466538118,0.466538118
Belgium,BE,BEL,"Vulnerability score, Sensitivity",,[ND-GAIN](https://gain.nd.edu/our-work/country-index/download-data/); [Findex](The Global Findex Database 2021 (worldbank.org)); [Worldwide Governance Indicators]( WGI 2022 Interactive > Home (worldbank.org)); and IMF staff calculations. ,,,,0.348671861,0.342968041,0.344289625,0.34858249,0.346944979,0.346652568,0.346217513
Belgium,BE,BEL,"Vulnerability score, Water",,[ND-GAIN](https://gain.nd.edu/our-work/country-index/download-data/); [Findex](The Global Findex Database 2021 (worldbank.org)); [Worldwide Governance Indicators]( WGI 2022 Interactive > Home (worldbank.org)); and IMF staff calculations. ,,,,0.345375469,0.347662933,0.349950319,0.347284908,0.347488542,0.347490798,0.347490798
Bulgaria,BG,BGR,"Readiness score, Governance",,[ND-GAIN](https://gain.nd.edu/our-work/country-index/download-data/); [Findex](The Global Findex Database 2021 (worldbank.org)); [Worldwide Governance Indicators]( WGI 2022 Interactive > Home (worldbank.org)); and IMF staff calculations,,,,0.50691691,0.521058984,0.534516665,0.538652186,0.544214208,0.521211858,0.528380281
Bulgaria,BG,BGR,"Readiness score, IMF-Adapted Economic",,[ND-GAIN](https://gain.nd.edu/our-work/country-index/download-data/); [Findex](The Global Findex Database 2021 (worldbank.org)); [Worldwide Governance Indicators]( WGI 2022 Interactive > Home (worldbank.org)); and IMF staff calculations,,,,0.516117779,0.526999063,0.527843677,0.54048715,0.55827749,0.529303134,0.545205781
Bulgaria,BG,BGR,"Readiness score, Social",,[ND-GAIN](https://gain.nd.edu/our-work/country-index/download-data/); [Findex](The Global Findex Database 2021 (worldbank.org)); [Worldwide Governance Indicators]( WGI 2022 Interactive > Home (worldbank.org)); and IMF staff calculations,,,,0.410675001,0.406942723,0.405271073,0.404550989,0.412059047,0.427304158,0.432623716
Bulgaria,BG,BGR,"Vulnerability score, Capacity",,[ND-GAIN](https://gain.nd.edu/our-work/country-index/download-data/); [Findex](The Global Findex Database 2021 (worldbank.org)); [Worldwide Governance Indicators]( WGI 2022 Interactive > Home (worldbank.org)); and IMF staff calculations,,,,0.392834556,0.394341014,0.387908731,0.379986962,0.378240562,0.376740113,0.376740113
Bulgaria,BG,BGR,"Vulnerability score, Ecosystems",,[ND-GAIN](https://gain.nd.edu/our-work/country-index/download-data/); [Findex](The Global Findex Database 2021 (worldbank.org)); [Worldwide Governance Indicators]( WGI 2022 Interactive > Home (worldbank.org)); and IMF staff calculations. ,,,,0.396708259,0.395674045,0.396612484,0.397550922,0.398166032,0.398781142,0.398909476
Bulgaria,BG,BGR,"Vulnerability score, Exposure",,[ND-GAIN](https://gain.nd.edu/our-work/country-index/download-data/); [Findex](The Global Findex Database 2021 (worldbank.org)); [Worldwide Governance Indicators]( WGI 2022 Interactive > Home (worldbank.org)); and IMF staff calculations. ,,,,0.382397434,0.382397434,0.382397434,0.382397434,0.382397434,0.382397434,0.382397434
Bulgaria,BG,BGR,"Vulnerability score, Food",,[ND-GAIN](https://gain.nd.edu/our-work/country-index/download-data/); [Findex](The Global Findex Database 2021 (worldbank.org)); [Worldwide Governance Indicators]( WGI 2022 Interactive > Home (worldbank.org)); and IMF staff calculations. ,,,,0.419234263,0.414147133,0.412361668,0.410992887,0.412685591,0.417433163,0.412300272
Bulgaria,BG,BGR,"Vulnerability score, Habitat",,[ND-GAIN](https://gain.nd.edu/our-work/country-index/download-data/); [Findex](The Global Findex Database 2021 (worldbank.org)); [Worldwide Governance Indicators]( WGI 2022 Interactive > Home (worldbank.org)); and IMF staff calculations. ,,,,0.447093956,0.461711246,0.455005255,0.448375189,0.450437981,0.452189586,0.453351433
Bulgaria,BG,BGR,"Vulnerability score, Heath",,[ND-GAIN](https://gain.nd.edu/our-work/country-index/download-data/); [Findex](The Global Findex Database 2021 (worldbank.org)); [Worldwide Governance Indicators]( WGI 2022 Interactive > Home (worldbank.org)); and IMF staff calculations,,,,0.371013652,0.370291813,0.365804571,0.357756923,0.354054734,0.35034413,0.35034413
Bulgaria,BG,BGR,"Vulnerability score, Infrastructure",,[ND-GAIN](https://gain.nd.edu/our-work/country-index/download-data/); [Findex](The Global Findex Database 2021 (worldbank.org)); [Worldwide Governance Indicators]( WGI 2022 Interactive > Home (worldbank.org)); and IMF staff calculations,,,,0.210351682,0.214497353,0.215891379,0.210936992,0.215073503,0.214976439,0.214976439
Bulgaria,BG,BGR,"Vulnerability score, Sensitivity",,[ND-GAIN](https://gain.nd.edu/our-work/country-index/download-data/); [Findex](The Global Findex Database 2021 (worldbank.org)); [Worldwide Governance Indicators]( WGI 2022 Interactive > Home (worldbank.org)); and IMF staff calculations. ,,,,0.252277492,0.257218862,0.258510695,0.255859096,0.260488213,0.262756677,0.260660653
Bulgaria,BG,BGR,"Vulnerability score, Water",,[ND-GAIN](https://gain.nd.edu/our-work/country-index/download-data/); [Findex](The Global Findex Database 2021 (worldbank.org)); [Worldwide Governance Indicators]( WGI 2022 Interactive > Home (worldbank.org)); and IMF staff calculations. ,,,,0.230406511,0.230438523,0.229840675,0.227857042,0.227428998,0.224661899,0.224661899
Cyprus,CY,CYP,"Readiness score, Governance",,[ND-GAIN](https://gain.nd.edu/our-work/country-index/download-data/); [Findex](The Global Findex Database 2021 (worldbank.org)); [Worldwide Governance Indicators]( WGI 2022 Interactive > Home (worldbank.org)); and IMF staff calculations,,,,0.686819404,0.662438574,0.664177959,0.639701223,0.649262974,0.614944167,0.617741484
Cyprus,CY,CYP,"Readiness score, IMF-Adapted Economic",,[ND-GAIN](https://gain.nd.edu/our-work/country-index/download-data/); [Findex](The Global Findex Database 2021 (worldbank.org)); [Worldwide Governance Indicators]( WGI 2022 Interactive > Home (worldbank.org)); and IMF staff calculations,,,,0.676812297,0.659669156,0.647617352,0.655660867,0.671402905,0.667963132,0.661566883
Cyprus,CY,CYP,"Readiness score, Social",,[ND-GAIN](https://gain.nd.edu/our-work/country-index/download-data/); [Findex](The Global Findex Database 2021 (worldbank.org)); [Worldwide Governance Indicators]( WGI 2022 Interactive > Home (worldbank.org)); and IMF staff calculations,,,,0.343755977,0.361126823,0.392882094,0.404342026,0.42318168,0.434643279,0.435601099
Cyprus,CY,CYP,"Vulnerability score, Capacity",,[ND-GAIN](https://gain.nd.edu/our-work/country-index/download-data/); [Findex](The Global Findex Database 2021 (worldbank.org)); [Worldwide Governance Indicators]( WGI 2022 Interactive > Home (worldbank.org)); and IMF staff calculations,,,,0.414732737,0.410955547,0.412649499,0.415997063,0.413062307,0.41492168,0.41492168
Cyprus,CY,CYP,"Vulnerability score, Ecosystems",,[ND-GAIN](https://gain.nd.edu/our-work/country-index/download-data/); [Findex](The Global Findex Database 2021 (worldbank.org)); [Worldwide Governance Indicators]( WGI 2022 Interactive > Home (worldbank.org)); and IMF staff calculations. ,,,,0.373753462,0.373189995,0.374128433,0.375066872,0.375730764,0.376394657,0.376421336
Cyprus,CY,CYP,"Vulnerability score, Exposure",,[ND-GAIN](https://gain.nd.edu/our-work/country-index/download-data/); [Findex](The Global Findex Database 2021 (worldbank.org)); [Worldwide Governance Indicators]( WGI 2022 Interactive > Home (worldbank.org)); and IMF staff calculations. ,,,,0.340961226,0.340961226,0.340961226,0.340961226,0.340961226,0.340961226,0.340961226
Cyprus,CY,CYP,"Vulnerability score, Food",,[ND-GAIN](https://gain.nd.edu/our-work/country-index/download-data/); [Findex](The Global Findex Database 2021 (worldbank.org)); [Worldwide Governance Indicators]( WGI 2022 Interactive > Home (worldbank.org)); and IMF staff calculations. ,,,,0.325439053,0.316035011,0.320308494,0.321676695,0.324060339,0.326769265,0.327685804
Cyprus,CY,CYP,"Vulnerability score, Habitat",,[ND-GAIN](https://gain.nd.edu/our-work/country-index/download-data/); [Findex](The Global Findex Database 2021 (worldbank.org)); [Worldwide Governance Indicators]( WGI 2022 Interactive > Home (worldbank.org)); and IMF staff calculations. ,,,,0.402339488,0.40058401,0.403987612,0.407382214,0.408479761,0.409702941,0.411032803
Cyprus,CY,CYP,"Vulnerability score, Heath",,[ND-GAIN](https://gain.nd.edu/our-work/country-index/download-data/); [Findex](The Global Findex Database 2021 (worldbank.org)); [Worldwide Governance Indicators]( WGI 2022 Interactive > Home (worldbank.org)); and IMF staff calculations,,,,0.345575034,0.343483371,0.338458684,0.336814226,0.337930803,0.334761726,0.334761726
Cyprus,CY,CYP,"Vulnerability score, Infrastructure",,[ND-GAIN](https://gain.nd.edu/our-work/country-index/download-data/); [Findex](The Global Findex Database 2021 (worldbank.org)); [Worldwide Governance Indicators]( WGI 2022 Interactive > Home (worldbank.org)); and IMF staff calculations,,,,0.373942844,0.373942844,0.373942844,0.373942844,0.373942844,0.373942844,0.373942844
Cyprus,CY,CYP,"Vulnerability score, Sensitivity",,[ND-GAIN](https://gain.nd.edu/our-work/country-index/download-data/); [Findex](The Global Findex Database 2021 (worldbank.org)); [Worldwide Governance Indicators]( WGI 2022 Interactive > Home (worldbank.org)); and IMF staff calculations. ,,,,0.327383942,0.322706866,0.3227725,0.321108841,0.328774925,0.33234513,0.33350167
Cyprus,CY,CYP,"Vulnerability score, Water",,[ND-GAIN](https://gain.nd.edu/our-work/country-index/download-data/); [Findex](The Global Findex Database 2021 (worldbank.org)); [Worldwide Governance Indicators]( WGI 2022 Interactive > Home (worldbank.org)); and IMF staff calculations. ,,,,0.326457181,0.323485925,0.322713468,0.321139876,0.325624812,0.333765529,0.333765529
Denmark,DK,DNK,"Readiness score, Governance",,[ND-GAIN](https://gain.nd.edu/our-work/country-index/download-data/); [Findex](The Global Findex Database 2021 (worldbank.org)); [Worldwide Governance Indicators]( WGI 2022 Interactive > Home (worldbank.org)); and IMF staff calculations,,,,0.854886227,0.840451633,0.838207845,0.838587833,0.838228567,0.853153644,0.863733849
Denmark,DK,DNK,"Readiness score, IMF-Adapted Economic",,[ND-GAIN](https://gain.nd.edu/our-work/country-index/download-data/); [Findex](The Global Findex Database 2021 (worldbank.org)); [Worldwide Governance Indicators]( WGI 2022 Interactive > Home (worldbank.org)); and IMF staff calculations,,,,0.825025359,0.834603526,0.833602972,0.846379388,0.858573273,0.862319047,0.881184103
Denmark,DK,DNK,"Readiness score, Social",,[ND-GAIN](https://gain.nd.edu/our-work/country-index/download-data/); [Findex](The Global Findex Database 2021 (worldbank.org)); [Worldwide Governance Indicators]( WGI 2022 Interactive > Home (worldbank.org)); and IMF staff calculations,,,,0.731725714,0.730370871,0.728644851,0.730019543,0.730643676,0.730531385,0.732037939
Denmark,DK,DNK,"Vulnerability score, Capacity",,[ND-GAIN](https://gain.nd.edu/our-work/country-index/download-data/); [Findex](The Global Findex Database 2021 (worldbank.org)); [Worldwide Governance Indicators]( WGI 2022 Interactive > Home (worldbank.org)); and IMF staff calculations,,,,0.275311726,0.27428346,0.269282726,0.266172855,0.26588995,0.264360079,0.264360079
Denmark,DK,DNK,"Vulnerability score, Ecosystems",,[ND-GAIN](https://gain.nd.edu/our-work/country-index/download-data/); [Findex](The Global Findex Database 2021 (worldbank.org)); [Worldwide Governance Indicators]( WGI 2022 Interactive > Home (worldbank.org)); and IMF staff calculations. ,,,,0.235897933,0.234699414,0.234464804,0.234230195,0.234727079,0.235223964,0.238313286
Denmark,DK,DNK,"Vulnerability score, Exposure",,[ND-GAIN](https://gain.nd.edu/our-work/country-index/download-data/); [Findex](The Global Findex Database 2021 (worldbank.org)); [Worldwide Governance Indicators]( WGI 2022 Interactive > Home (worldbank.org)); and IMF staff calculations. ,,,,0.441267455,0.441267455,0.441267455,0.441267455,0.441267455,0.441267455,0.441267455
Denmark,DK,DNK,"Vulnerability score, Food",,[ND-GAIN](https://gain.nd.edu/our-work/country-index/download-data/); [Findex](The Global Findex Database 2021 (worldbank.org)); [Worldwide Governance Indicators]( WGI 2022 Interactive > Home (worldbank.org)); and IMF staff calculations. ,,,,0.226170102,0.225692921,0.222397049,0.221942847,0.222747793,0.220070053,0.216064586
Denmark,DK,DNK,"Vulnerability score, Habitat",,[ND-GAIN](https://gain.nd.edu/our-work/country-index/download-data/); [Findex](The Global Findex Database 2021 (worldbank.org)); [Worldwide Governance Indicators]( WGI 2022 Interactive > Home (worldbank.org)); and IMF staff calculations. ,,,,0.467744005,0.469965425,0.466167601,0.462382317,0.463122061,0.463860622,0.464579381
Denmark,DK,DNK,"Vulnerability score, Heath",,[ND-GAIN](https://gain.nd.edu/our-work/country-index/download-data/); [Findex](The Global Findex Database 2021 (worldbank.org)); [Worldwide Governance Indicators]( WGI 2022 Interactive > Home (worldbank.org)); and IMF staff calculations,,,,0.212533689,0.210769521,0.208522577,0.206882704,0.206488917,0.206488916,0.206488916
Denmark,DK,DNK,"Vulnerability score, Infrastructure",,[ND-GAIN](https://gain.nd.edu/our-work/country-index/download-data/); [Findex](The Global Findex Database 2021 (worldbank.org)); [Worldwide Governance Indicators]( WGI 2022 Interactive > Home (worldbank.org)); and IMF staff calculations,,,,0.474888411,0.475547441,0.471206944,0.495365092,0.529403966,0.534063529,0.534063529
Denmark,DK,DNK,"Vulnerability score, Sensitivity",,[ND-GAIN](https://gain.nd.edu/our-work/country-index/download-data/); [Findex](The Global Findex Database 2021 (worldbank.org)); [Worldwide Governance Indicators]( WGI 2022 Interactive > Home (worldbank.org)); and IMF staff calculations. ,,,,0.265364965,0.266869254,0.264963209,0.277323808,0.290684312,0.293675433,0.29357674
Denmark,DK,DNK,"Vulnerability score, Water",,[ND-GAIN](https://gain.nd.edu/our-work/country-index/download-data/); [Findex](The Global Findex Database 2021 (worldbank.org)); [Worldwide Governance Indicators]( WGI 2022 Interactive > Home (worldbank.org)); and IMF staff calculations. ,,,,0.379916933,0.381709613,0.381921843,0.386923789,0.383112619,0.383849425,0.383849425
Finland,FI,FIN,"Readiness score, Governance",,[ND-GAIN](https://gain.nd.edu/our-work/country-index/download-data/); [Findex](The Global Findex Database 2021 (worldbank.org)); [Worldwide Governance Indicators]( WGI 2022 Interactive > Home (worldbank.org)); and IMF staff calculations,,,,0.869625434,0.863248819,0.866387888,0.858129192,0.854627096,0.865604044,0.869969336
Finland,FI,FIN,"Readiness score, IMF-Adapted Economic",,[ND-GAIN](https://gain.nd.edu/our-work/country-index/download-data/); [Findex](The Global Findex Database 2021 (worldbank.org)); [Worldwide Governance Indicators]( WGI 2022 Interactive > Home (worldbank.org)); and IMF staff calculations,,,,0.87870891,0.874795164,0.885257834,0.888152693,0.882088209,0.874794365,0.875986104
Finland,FI,FIN,"Readiness score, Social",,[ND-GAIN](https://gain.nd.edu/our-work/country-index/download-data/); [Findex](The Global Findex Database 2021 (worldbank.org)); [Worldwide Governance Indicators]( WGI 2022 Interactive > Home (worldbank.org)); and IMF staff calculations,,,,0.720022215,0.718747326,0.72003202,0.724470927,0.730137355,0.735804018,0.736385708
Finland,FI,FIN,"Vulnerability score, Capacity",,[ND-GAIN](https://gain.nd.edu/our-work/country-index/download-data/); [Findex](The Global Findex Database 2021 (worldbank.org)); [Worldwide Governance Indicators]( WGI 2022 Interactive > Home (worldbank.org)); and IMF staff calculations,,,,0.198347472,0.190529303,0.189854593,0.187166483,0.189646996,0.18707334,0.18707334
Finland,FI,FIN,"Vulnerability score, Ecosystems",,[ND-GAIN](https://gain.nd.edu/our-work/country-index/download-data/); [Findex](The Global Findex Database 2021 (worldbank.org)); [Worldwide Governance Indicators]( WGI 2022 Interactive > Home (worldbank.org)); and IMF staff calculations. ,,,,0.361907436,0.362041935,0.362041935,0.362041935,0.362041935,0.362041935,0.362041935
Finland,FI,FIN,"Vulnerability score, Exposure",,[ND-GAIN](https://gain.nd.edu/our-work/country-index/download-data/); [Findex](The Global Findex Database 2021 (worldbank.org)); [Worldwide Governance Indicators]( WGI 2022 Interactive > Home (worldbank.org)); and IMF staff calculations. ,,,,0.443047196,0.443047196,0.443047196,0.443047196,0.443047196,0.443047196,0.443047196
Finland,FI,FIN,"Vulnerability score, Food",,[ND-GAIN](https://gain.nd.edu/our-work/country-index/download-data/); [Findex](The Global Findex Database 2021 (worldbank.org)); [Worldwide Governance Indicators]( WGI 2022 Interactive > Home (worldbank.org)); and IMF staff calculations. ,,,,0.245583217,0.249509315,0.248882386,0.24334011,0.249391697,0.245263667,0.241166384
Finland,FI,FIN,"Vulnerability score, Habitat",,[ND-GAIN](https://gain.nd.edu/our-work/country-index/download-data/); [Findex](The Global Findex Database 2021 (worldbank.org)); [Worldwide Governance Indicators]( WGI 2022 Interactive > Home (worldbank.org)); and IMF staff calculations. ,,,,0.508331676,0.499677141,0.501487429,0.503170728,0.504349561,0.505377342,0.506227777
Finland,FI,FIN,"Vulnerability score, Heath",,[ND-GAIN](https://gain.nd.edu/our-work/country-index/download-data/); [Findex](The Global Findex Database 2021 (worldbank.org)); [Worldwide Governance Indicators]( WGI 2022 Interactive > Home (worldbank.org)); and IMF staff calculations,,,,0.160353818,0.15138108,0.148773907,0.146158865,0.146173081,0.146171626,0.146171626
Finland,FI,FIN,"Vulnerability score, Infrastructure",,[ND-GAIN](https://gain.nd.edu/our-work/country-index/download-data/); [Findex](The Global Findex Database 2021 (worldbank.org)); [Worldwide Governance Indicators]( WGI 2022 Interactive > Home (worldbank.org)); and IMF staff calculations,,,,0.225004185,0.221640669,0.219003187,0.220474521,0.215817636,0.214320564,0.214320564
Finland,FI,FIN,"Vulnerability score, Sensitivity",,[ND-GAIN](https://gain.nd.edu/our-work/country-index/download-data/); [Findex](The Global Findex Database 2021 (worldbank.org)); [Worldwide Governance Indicators]( WGI 2022 Interactive > Home (worldbank.org)); and IMF staff calculations. ,,,,0.21656368,0.215516493,0.214385645,0.215508784,0.214070938,0.214795488,0.213513504
Finland,FI,FIN,"Vulnerability score, Water",,[ND-GAIN](https://gain.nd.edu/our-work/country-index/download-data/); [Findex](The Global Findex Database 2021 (worldbank.org)); [Worldwide Governance Indicators]( WGI 2022 Interactive > Home (worldbank.org)); and IMF staff calculations. ,,,,0.181825699,0.181679529,0.18202522,0.182974252,0.183480432,0.183692991,0.183692991
France,FR,FRA,"Readiness score, Governance",,[ND-GAIN](https://gain.nd.edu/our-work/country-index/download-data/); [Findex](The Global Findex Database 2021 (worldbank.org)); [Worldwide Governance Indicators]( WGI 2022 Interactive > Home (worldbank.org)); and IMF staff calculations,,,,0.704667069,0.697045141,0.713842112,0.706143447,0.728631319,0.706489027,0.717994254
France,FR,FRA,"Readiness score, IMF-Adapted Economic",,[ND-GAIN](https://gain.nd.edu/our-work/country-index/download-data/); [Findex](The Global Findex Database 2021 (worldbank.org)); [Worldwide Governance Indicators]( WGI 2022 Interactive > Home (worldbank.org)); and IMF staff calculations,,,,0.788668291,0.787949957,0.783413807,0.794347043,0.784545008,0.770561975,0.772760858
France,FR,FRA,"Readiness score, Social",,[ND-GAIN](https://gain.nd.edu/our-work/country-index/download-data/); [Findex](The Global Findex Database 2021 (worldbank.org)); [Worldwide Governance Indicators]( WGI 2022 Interactive > Home (worldbank.org)); and IMF staff calculations,,,,0.674931593,0.680022669,0.683630466,0.688026047,0.686601647,0.666559134,0.668695165
France,FR,FRA,"Vulnerability score, Capacity",,[ND-GAIN](https://gain.nd.edu/our-work/country-index/download-data/); [Findex](The Global Findex Database 2021 (worldbank.org)); [Worldwide Governance Indicators]( WGI 2022 Interactive > Home (worldbank.org)); and IMF staff calculations,,,,0.25341824,0.25159898,0.250682392,0.249752995,0.252598794,0.248841668,0.248841668
France,FR,FRA,"Vulnerability score, Ecosystems",,[ND-GAIN](https://gain.nd.edu/our-work/country-index/download-data/); [Findex](The Global Findex Database 2021 (worldbank.org)); [Worldwide Governance Indicators]( WGI 2022 Interactive > Home (worldbank.org)); and IMF staff calculations. ,,,,0.28406798,0.283562845,0.283797454,0.284032064,0.283912904,0.283793743,0.283478802
France,FR,FRA,"Vulnerability score, Exposure",,[ND-GAIN](https://gain.nd.edu/our-work/country-index/download-data/); [Findex](The Global Findex Database 2021 (worldbank.org)); [Worldwide Governance Indicators]( WGI 2022 Interactive > Home (worldbank.org)); and IMF staff calculations. ,,,,0.396666627,0.396666627,0.396666627,0.396666627,0.396666627,0.396666627,0.396666627
France,FR,FRA,"Vulnerability score, Food",,[ND-GAIN](https://gain.nd.edu/our-work/country-index/download-data/); [Findex](The Global Findex Database 2021 (worldbank.org)); [Worldwide Governance Indicators]( WGI 2022 Interactive > Home (worldbank.org)); and IMF staff calculations. ,,,,0.307267187,0.307603839,0.306644623,0.305492441,0.312535576,0.307773063,0.305313535
France,FR,FRA,"Vulnerability score, Habitat",,[ND-GAIN](https://gain.nd.edu/our-work/country-index/download-data/); [Findex](The Global Findex Database 2021 (worldbank.org)); [Worldwide Governance Indicators]( WGI 2022 Interactive > Home (worldbank.org)); and IMF staff calculations. ,,,,0.40006975,0.401237274,0.403132948,0.40493884,0.406390587,0.407639701,0.408685884
France,FR,FRA,"Vulnerability score, Heath",,[ND-GAIN](https://gain.nd.edu/our-work/country-index/download-data/); [Findex](The Global Findex Database 2021 (worldbank.org)); [Worldwide Governance Indicators]( WGI 2022 Interactive > Home (worldbank.org)); and IMF staff calculations,,,,0.281638453,0.279492686,0.277459361,0.275298572,0.272812391,0.2728137,0.2728137
France,FR,FRA,"Vulnerability score, Infrastructure",,[ND-GAIN](https://gain.nd.edu/our-work/country-index/download-data/); [Findex](The Global Findex Database 2021 (worldbank.org)); [Worldwide Governance Indicators]( WGI 2022 Interactive > Home (worldbank.org)); and IMF staff calculations,,,,0.253726955,0.255421845,0.258370005,0.254512811,0.255670686,0.248190893,0.248190893
France,FR,FRA,"Vulnerability score, Sensitivity",,[ND-GAIN](https://gain.nd.edu/our-work/country-index/download-data/); [Findex](The Global Findex Database 2021 (worldbank.org)); [Worldwide Governance Indicators]( WGI 2022 Interactive > Home (worldbank.org)); and IMF staff calculations. ,,,,0.263127733,0.264795655,0.267158234,0.26540148,0.266120943,0.264166579,0.263223878
France,FR,FRA,"Vulnerability score, Water",,[ND-GAIN](https://gain.nd.edu/our-work/country-index/download-data/); [Findex](The Global Findex Database 2021 (worldbank.org)); [Worldwide Governance Indicators]( WGI 2022 Interactive > Home (worldbank.org)); and IMF staff calculations. ,,,,0.302739995,0.30125354,0.301326968,0.30101699,0.300565825,0.300579836,0.300579836
Germany,DE,DEU,"Readiness score, Governance",,[ND-GAIN](https://gain.nd.edu/our-work/country-index/download-data/); [Findex](The Global Findex Database 2021 (worldbank.org)); [Worldwide Governance Indicators]( WGI 2022 Interactive > Home (worldbank.org)); and IMF staff calculations,,,,0.809475242,0.805188176,0.79999749,0.805656478,0.800564093,0.793010445,0.798723262
Germany,DE,DEU,"Readiness score, IMF-Adapted Economic",,[ND-GAIN](https://gain.nd.edu/our-work/country-index/download-data/); [Findex](The Global Findex Database 2021 (worldbank.org)); [Worldwide Governance Indicators]( WGI 2022 Interactive > Home (worldbank.org)); and IMF staff calculations,,,,0.831833345,0.842861654,0.848485886,0.839202816,0.835940394,0.817931222,0.815766148
Germany,DE,DEU,"Readiness score, Social",,[ND-GAIN](https://gain.nd.edu/our-work/country-index/download-data/); [Findex](The Global Findex Database 2021 (worldbank.org)); [Worldwide Governance Indicators]( WGI 2022 Interactive > Home (worldbank.org)); and IMF staff calculations,,,,0.691803128,0.693939161,0.696317125,0.698313427,0.703696606,0.705033704,0.70689643
Germany,DE,DEU,"Vulnerability score, Capacity",,[ND-GAIN](https://gain.nd.edu/our-work/country-index/download-data/); [Findex](The Global Findex Database 2021 (worldbank.org)); [Worldwide Governance Indicators]( WGI 2022 Interactive > Home (worldbank.org)); and IMF staff calculations,,,,0.227739468,0.22530075,0.224240127,0.224488715,0.223701961,0.221914401,0.221914401
Germany,DE,DEU,"Vulnerability score, Ecosystems",,[ND-GAIN](https://gain.nd.edu/our-work/country-index/download-data/); [Findex](The Global Findex Database 2021 (worldbank.org)); [Worldwide Governance Indicators]( WGI 2022 Interactive > Home (worldbank.org)); and IMF staff calculations. ,,,,0.281411829,0.279854646,0.279620037,0.279385427,0.279190474,0.278995521,0.279182914
Germany,DE,DEU,"Vulnerability score, Exposure",,[ND-GAIN](https://gain.nd.edu/our-work/country-index/download-data/); [Findex](The Global Findex Database 2021 (worldbank.org)); [Worldwide Governance Indicators]( WGI 2022 Interactive > Home (worldbank.org)); and IMF staff calculations. ,,,,0.346770314,0.346770314,0.346770314,0.346770314,0.346770314,0.346770314,0.346770314
Germany,DE,DEU,"Vulnerability score, Food",,[ND-GAIN](https://gain.nd.edu/our-work/country-index/download-data/); [Findex](The Global Findex Database 2021 (worldbank.org)); [Worldwide Governance Indicators]( WGI 2022 Interactive > Home (worldbank.org)); and IMF staff calculations. ,,,,0.184903226,0.186213912,0.184128833,0.186233192,0.185855332,0.18453495,0.182263937
Germany,DE,DEU,"Vulnerability score, Habitat",,[ND-GAIN](https://gain.nd.edu/our-work/country-index/download-data/); [Findex](The Global Findex Database 2021 (worldbank.org)); [Worldwide Governance Indicators]( WGI 2022 Interactive > Home (worldbank.org)); and IMF staff calculations. ,,,,0.369504731,0.368118375,0.370912918,0.373824814,0.37540323,0.376994465,0.378536366
Germany,DE,DEU,"Vulnerability score, Heath",,[ND-GAIN](https://gain.nd.edu/our-work/country-index/download-data/); [Findex](The Global Findex Database 2021 (worldbank.org)); [Worldwide Governance Indicators]( WGI 2022 Interactive > Home (worldbank.org)); and IMF staff calculations,,,,0.221030307,0.21877948,0.216302786,0.210995876,0.20955583,0.209086581,0.209086581
Germany,DE,DEU,"Vulnerability score, Infrastructure",,[ND-GAIN](https://gain.nd.edu/our-work/country-index/download-data/); [Findex](The Global Findex Database 2021 (worldbank.org)); [Worldwide Governance Indicators]( WGI 2022 Interactive > Home (worldbank.org)); and IMF staff calculations,,,,0.296672149,0.299857483,0.2992156,0.297646419,0.303408919,0.296176712,0.296176712
Germany,DE,DEU,"Vulnerability score, Sensitivity",,[ND-GAIN](https://gain.nd.edu/our-work/country-index/download-data/); [Findex](The Global Findex Database 2021 (worldbank.org)); [Worldwide Governance Indicators]( WGI 2022 Interactive > Home (worldbank.org)); and IMF staff calculations. ,,,,0.298465022,0.300729824,0.300665677,0.299730148,0.303630667,0.301467447,0.301171963
Germany,DE,DEU,"Vulnerability score, Water",,[ND-GAIN](https://gain.nd.edu/our-work/country-index/download-data/); [Findex](The Global Findex Database 2021 (worldbank.org)); [Worldwide Governance Indicators]( WGI 2022 Interactive > Home (worldbank.org)); and IMF staff calculations. ,,,,0.379521579,0.379119489,0.379111582,0.379103581,0.37911296,0.379119285,0.379119285
Greece,GR,GRC,"Readiness score, Governance",,[ND-GAIN](https://gain.nd.edu/our-work/country-index/download-data/); [Findex](The Global Findex Database 2021 (worldbank.org)); [Worldwide Governance Indicators]( WGI 2022 Interactive > Home (worldbank.org)); and IMF staff calculations,,,,0.520511923,0.504336491,0.509197831,0.534557673,0.547183097,0.553758364,0.559785528
Greece,GR,GRC,"Readiness score, IMF-Adapted Economic",,[ND-GAIN](https://gain.nd.edu/our-work/country-index/download-data/); [Findex](The Global Findex Database 2021 (worldbank.org)); [Worldwide Governance Indicators]( WGI 2022 Interactive > Home (worldbank.org)); and IMF staff calculations,,,,0.502215503,0.485569478,0.482887759,0.501963103,0.525052647,0.551926885,0.569703967
Greece,GR,GRC,"Readiness score, Social",,[ND-GAIN](https://gain.nd.edu/our-work/country-index/download-data/); [Findex](The Global Findex Database 2021 (worldbank.org)); [Worldwide Governance Indicators]( WGI 2022 Interactive > Home (worldbank.org)); and IMF staff calculations,,,,0.545298198,0.562381483,0.561377488,0.567743935,0.572043694,0.584274373,0.586778618
Greece,GR,GRC,"Vulnerability score, Capacity",,[ND-GAIN](https://gain.nd.edu/our-work/country-index/download-data/); [Findex](The Global Findex Database 2021 (worldbank.org)); [Worldwide Governance Indicators]( WGI 2022 Interactive > Home (worldbank.org)); and IMF staff calculations,,,,0.271074271,0.265223318,0.266092128,0.261447705,0.259555117,0.258653275,0.258653275
Greece,GR,GRC,"Vulnerability score, Ecosystems",,[ND-GAIN](https://gain.nd.edu/our-work/country-index/download-data/); [Findex](The Global Findex Database 2021 (worldbank.org)); [Worldwide Governance Indicators]( WGI 2022 Interactive > Home (worldbank.org)); and IMF staff calculations. ,,,,0.337827543,0.335585893,0.335585893,0.335585893,0.33572048,0.335855067,0.337752205
Greece,GR,GRC,"Vulnerability score, Exposure",,[ND-GAIN](https://gain.nd.edu/our-work/country-index/download-data/); [Findex](The Global Findex Database 2021 (worldbank.org)); [Worldwide Governance Indicators]( WGI 2022 Interactive > Home (worldbank.org)); and IMF staff calculations. ,,,,0.424646265,0.424646265,0.424646265,0.424646265,0.424646265,0.424646265,0.424646265
Greece,GR,GRC,"Vulnerability score, Food",,[ND-GAIN](https://gain.nd.edu/our-work/country-index/download-data/); [Findex](The Global Findex Database 2021 (worldbank.org)); [Worldwide Governance Indicators]( WGI 2022 Interactive > Home (worldbank.org)); and IMF staff calculations. ,,,,0.320708823,0.318568778,0.315408257,0.300980135,0.299873253,0.300564845,0.295917324
Greece,GR,GRC,"Vulnerability score, Habitat",,[ND-GAIN](https://gain.nd.edu/our-work/country-index/download-data/); [Findex](The Global Findex Database 2021 (worldbank.org)); [Worldwide Governance Indicators]( WGI 2022 Interactive > Home (worldbank.org)); and IMF staff calculations. ,,,,0.469410863,0.467748952,0.472378274,0.47685785,0.478214486,0.479671947,0.481132124
Greece,GR,GRC,"Vulnerability score, Heath",,[ND-GAIN](https://gain.nd.edu/our-work/country-index/download-data/); [Findex](The Global Findex Database 2021 (worldbank.org)); [Worldwide Governance Indicators]( WGI 2022 Interactive > Home (worldbank.org)); and IMF staff calculations,,,,0.254820241,0.243737687,0.241728669,0.239394868,0.237385856,0.236186244,0.236186244
Greece,GR,GRC,"Vulnerability score, Infrastructure",,[ND-GAIN](https://gain.nd.edu/our-work/country-index/download-data/); [Findex](The Global Findex Database 2021 (worldbank.org)); [Worldwide Governance Indicators]( WGI 2022 Interactive > Home (worldbank.org)); and IMF staff calculations,,,,0.339659753,0.343009883,0.34318451,0.343327065,0.352554345,0.35751402,0.35751402
Greece,GR,GRC,"Vulnerability score, Sensitivity",,[ND-GAIN](https://gain.nd.edu/our-work/country-index/download-data/); [Findex](The Global Findex Database 2021 (worldbank.org)); [Worldwide Governance Indicators]( WGI 2022 Interactive > Home (worldbank.org)); and IMF staff calculations. ,,,,0.29765102,0.296739533,0.295531959,0.293983242,0.299555374,0.303369698,0.302724595
Greece,GR,GRC,"Vulnerability score, Water",,[ND-GAIN](https://gain.nd.edu/our-work/country-index/download-data/); [Findex](The Global Findex Database 2021 (worldbank.org)); [Worldwide Governance Indicators]( WGI 2022 Interactive > Home (worldbank.org)); and IMF staff calculations. ,,,,0.264315888,0.264567037,0.2642551,0.264008611,0.26376509,0.263546352,0.263546352
Hungary,HU,HUN,"Readiness score, Governance",,[ND-GAIN](https://gain.nd.edu/our-work/country-index/download-data/); [Findex](The Global Findex Database 2021 (worldbank.org)); [Worldwide Governance Indicators]( WGI 2022 Interactive > Home (worldbank.org)); and IMF staff calculations,,,,0.600310484,0.587066602,0.603222389,0.595765955,0.593991275,0.592652903,0.591909733
Hungary,HU,HUN,"Readiness score, IMF-Adapted Economic",,[ND-GAIN](https://gain.nd.edu/our-work/country-index/download-data/); [Findex](The Global Findex Database 2021 (worldbank.org)); [Worldwide Governance Indicators]( WGI 2022 Interactive > Home (worldbank.org)); and IMF staff calculations,,,,0.551824904,0.546695991,0.549147046,0.550646244,0.556422059,0.570311219,0.581947343
Hungary,HU,HUN,"Readiness score, Social",,[ND-GAIN](https://gain.nd.edu/our-work/country-index/download-data/); [Findex](The Global Findex Database 2021 (worldbank.org)); [Worldwide Governance Indicators]( WGI 2022 Interactive > Home (worldbank.org)); and IMF staff calculations,,,,0.451430853,0.460931872,0.447560386,0.440684248,0.450408035,0.458507908,0.462291025
Hungary,HU,HUN,"Vulnerability score, Capacity",,[ND-GAIN](https://gain.nd.edu/our-work/country-index/download-data/); [Findex](The Global Findex Database 2021 (worldbank.org)); [Worldwide Governance Indicators]( WGI 2022 Interactive > Home (worldbank.org)); and IMF staff calculations,,,,0.369473949,0.362469062,0.363200133,0.364248477,0.363842883,0.363803803,0.363803803
Hungary,HU,HUN,"Vulnerability score, Ecosystems",,[ND-GAIN](https://gain.nd.edu/our-work/country-index/download-data/); [Findex](The Global Findex Database 2021 (worldbank.org)); [Worldwide Governance Indicators]( WGI 2022 Interactive > Home (worldbank.org)); and IMF staff calculations. ,,,,0.266026047,0.261406721,0.261875941,0.26234516,0.262643739,0.262942319,0.264167852
Hungary,HU,HUN,"Vulnerability score, Exposure",,[ND-GAIN](https://gain.nd.edu/our-work/country-index/download-data/); [Findex](The Global Findex Database 2021 (worldbank.org)); [Worldwide Governance Indicators]( WGI 2022 Interactive > Home (worldbank.org)); and IMF staff calculations. ,,,,0.34884546,0.34884546,0.34884546,0.34884546,0.34884546,0.34884546,0.34884546
Hungary,HU,HUN,"Vulnerability score, Food",,[ND-GAIN](https://gain.nd.edu/our-work/country-index/download-data/); [Findex](The Global Findex Database 2021 (worldbank.org)); [Worldwide Governance Indicators]( WGI 2022 Interactive > Home (worldbank.org)); and IMF staff calculations. ,,,,0.344293155,0.345365375,0.344771957,0.343520442,0.343320616,0.343938245,0.342396489
Hungary,HU,HUN,"Vulnerability score, Habitat",,[ND-GAIN](https://gain.nd.edu/our-work/country-index/download-data/); [Findex](The Global Findex Database 2021 (worldbank.org)); [Worldwide Governance Indicators]( WGI 2022 Interactive > Home (worldbank.org)); and IMF staff calculations. ,,,,0.497845768,0.493521527,0.500100731,0.506665637,0.509179192,0.511786829,0.513670075
Hungary,HU,HUN,"Vulnerability score, Heath",,[ND-GAIN](https://gain.nd.edu/our-work/country-index/download-data/); [Findex](The Global Findex Database 2021 (worldbank.org)); [Worldwide Governance Indicators]( WGI 2022 Interactive > Home (worldbank.org)); and IMF staff calculations,,,,0.253146321,0.250920741,0.247882108,0.245434113,0.244650448,0.244600414,0.244600414
Hungary,HU,HUN,"Vulnerability score, Infrastructure",,[ND-GAIN](https://gain.nd.edu/our-work/country-index/download-data/); [Findex](The Global Findex Database 2021 (worldbank.org)); [Worldwide Governance Indicators]( WGI 2022 Interactive > Home (worldbank.org)); and IMF staff calculations,,,,0.199453453,0.201630537,0.213248553,0.207469118,0.225211079,0.203028724,0.203028724
Hungary,HU,HUN,"Vulnerability score, Sensitivity",,[ND-GAIN](https://gain.nd.edu/our-work/country-index/download-data/); [Findex](The Global Findex Database 2021 (worldbank.org)); [Worldwide Governance Indicators]( WGI 2022 Interactive > Home (worldbank.org)); and IMF staff calculations. ,,,,0.326518916,0.328523948,0.343560349,0.343923107,0.347201786,0.342214803,0.342998315
Hungary,HU,HUN,"Vulnerability score, Water",,[ND-GAIN](https://gain.nd.edu/our-work/country-index/download-data/); [Findex](The Global Findex Database 2021 (worldbank.org)); [Worldwide Governance Indicators]( WGI 2022 Interactive > Home (worldbank.org)); and IMF staff calculations. ,,,,0.504013239,0.502296218,0.520733113,0.525036895,0.514169454,0.519128814,0.519128814
Ireland,IE,IRL,"Readiness score, Governance",,[ND-GAIN](https://gain.nd.edu/our-work/country-index/download-data/); [Findex](The Global Findex Database 2021 (worldbank.org)); [Worldwide Governance Indicators]( WGI 2022 Interactive > Home (worldbank.org)); and IMF staff calculations,,,,0.815680082,0.795047914,0.782920851,0.787560604,0.77629702,0.780556752,0.786356011
Ireland,IE,IRL,"Readiness score, IMF-Adapted Economic",,[ND-GAIN](https://gain.nd.edu/our-work/country-index/download-data/); [Findex](The Global Findex Database 2021 (worldbank.org)); [Worldwide Governance Indicators]( WGI 2022 Interactive > Home (worldbank.org)); and IMF staff calculations,,,,0.824284637,0.804762228,0.798670334,0.813312825,0.80319289,0.825598793,0.832015606
Ireland,IE,IRL,"Readiness score, Social",,[ND-GAIN](https://gain.nd.edu/our-work/country-index/download-data/); [Findex](The Global Findex Database 2021 (worldbank.org)); [Worldwide Governance Indicators]( WGI 2022 Interactive > Home (worldbank.org)); and IMF staff calculations,,,,0.447317765,0.44840981,0.444811056,0.448788941,0.440496612,0.446747441,0.449071506
Ireland,IE,IRL,"Vulnerability score, Capacity",,[ND-GAIN](https://gain.nd.edu/our-work/country-index/download-data/); [Findex](The Global Findex Database 2021 (worldbank.org)); [Worldwide Governance Indicators]( WGI 2022 Interactive > Home (worldbank.org)); and IMF staff calculations,,,,0.222747522,0.231572469,0.221973989,0.234556192,0.229775095,0.229255989,0.229255989
Ireland,IE,IRL,"Vulnerability score, Ecosystems",,[ND-GAIN](https://gain.nd.edu/our-work/country-index/download-data/); [Findex](The Global Findex Database 2021 (worldbank.org)); [Worldwide Governance Indicators]( WGI 2022 Interactive > Home (worldbank.org)); and IMF staff calculations. ,,,,0.343606023,0.346818973,0.347992021,0.349165069,0.348586253,0.348007437,0.352713664
Ireland,IE,IRL,"Vulnerability score, Exposure",,[ND-GAIN](https://gain.nd.edu/our-work/country-index/download-data/); [Findex](The Global Findex Database 2021 (worldbank.org)); [Worldwide Governance Indicators]( WGI 2022 Interactive > Home (worldbank.org)); and IMF staff calculations. ,,,,0.410790253,0.410790253,0.410790253,0.410790253,0.410790253,0.410790253,0.410790253
Ireland,IE,IRL,"Vulnerability score, Food",,[ND-GAIN](https://gain.nd.edu/our-work/country-index/download-data/); [Findex](The Global Findex Database 2021 (worldbank.org)); [Worldwide Governance Indicators]( WGI 2022 Interactive > Home (worldbank.org)); and IMF staff calculations. ,,,,0.150370217,0.162436726,0.151582213,0.155107564,0.145022753,0.1469581,0.139083593
Ireland,IE,IRL,"Vulnerability score, Habitat",,[ND-GAIN](https://gain.nd.edu/our-work/country-index/download-data/); [Findex](The Global Findex Database 2021 (worldbank.org)); [Worldwide Governance Indicators]( WGI 2022 Interactive > Home (worldbank.org)); and IMF staff calculations. ,,,,0.37843476,0.380679058,0.391634681,0.402525421,0.402999141,0.403533597,0.404083132
Ireland,IE,IRL,"Vulnerability score, Heath",,[ND-GAIN](https://gain.nd.edu/our-work/country-index/download-data/); [Findex](The Global Findex Database 2021 (worldbank.org)); [Worldwide Governance Indicators]( WGI 2022 Interactive > Home (worldbank.org)); and IMF staff calculations,,,,0.267536067,0.268744192,0.244772499,0.255315443,0.254782096,0.253535761,0.253535761
Ireland,IE,IRL,"Vulnerability score, Infrastructure",,[ND-GAIN](https://gain.nd.edu/our-work/country-index/download-data/); [Findex](The Global Findex Database 2021 (worldbank.org)); [Worldwide Governance Indicators]( WGI 2022 Interactive > Home (worldbank.org)); and IMF staff calculations,,,,0.327216764,0.293866969,0.291379855,0.291946953,0.29289308,0.287494029,0.287494029
Ireland,IE,IRL,"Vulnerability score, Sensitivity",,[ND-GAIN](https://gain.nd.edu/our-work/country-index/download-data/); [Findex](The Global Findex Database 2021 (worldbank.org)); [Worldwide Governance Indicators]( WGI 2022 Interactive > Home (worldbank.org)); and IMF staff calculations. ,,,,0.288888555,0.273869601,0.273089361,0.273794301,0.274350028,0.272759528,0.272046986
Ireland,IE,IRL,"Vulnerability score, Water",,[ND-GAIN](https://gain.nd.edu/our-work/country-index/download-data/); [Findex](The Global Findex Database 2021 (worldbank.org)); [Worldwide Governance Indicators]( WGI 2022 Interactive > Home (worldbank.org)); and IMF staff calculations. ,,,,0.348138281,0.348054656,0.347992764,0.348092578,0.348511186,0.34861297,0.34861297
Italy,IT,ITA,"Readiness score, Governance",,[ND-GAIN](https://gain.nd.edu/our-work/country-index/download-data/); [Findex](The Global Findex Database 2021 (worldbank.org)); [Worldwide Governance Indicators]( WGI 2022 Interactive > Home (worldbank.org)); and IMF staff calculations,,,,0.572672819,0.578487419,0.578695107,0.579659874,0.5964118,0.587860149,0.598476078
Italy,IT,ITA,"Readiness score, IMF-Adapted Economic",,[ND-GAIN](https://gain.nd.edu/our-work/country-index/download-data/); [Findex](The Global Findex Database 2021 (worldbank.org)); [Worldwide Governance Indicators]( WGI 2022 Interactive > Home (worldbank.org)); and IMF staff calculations,,,,0.682841352,0.696941178,0.699673545,0.698971977,0.711316404,0.710536391,0.715276079
Italy,IT,ITA,"Readiness score, Social",,[ND-GAIN](https://gain.nd.edu/our-work/country-index/download-data/); [Findex](The Global Findex Database 2021 (worldbank.org)); [Worldwide Governance Indicators]( WGI 2022 Interactive > Home (worldbank.org)); and IMF staff calculations,,,,0.519680758,0.525504998,0.526583215,0.544175609,0.551225895,0.577185224,0.581281985
Italy,IT,ITA,"Vulnerability score, Capacity",,[ND-GAIN](https://gain.nd.edu/our-work/country-index/download-data/); [Findex](The Global Findex Database 2021 (worldbank.org)); [Worldwide Governance Indicators]( WGI 2022 Interactive > Home (worldbank.org)); and IMF staff calculations,,,,0.24348803,0.241921006,0.241080943,0.240707001,0.239760331,0.240815155,0.240815155
Italy,IT,ITA,"Vulnerability score, Ecosystems",,[ND-GAIN](https://gain.nd.edu/our-work/country-index/download-data/); [Findex](The Global Findex Database 2021 (worldbank.org)); [Worldwide Governance Indicators]( WGI 2022 Interactive > Home (worldbank.org)); and IMF staff calculations. ,,,,0.337914303,0.335907263,0.336141872,0.336376482,0.336543336,0.33671019,0.336273833
Italy,IT,ITA,"Vulnerability score, Exposure",,[ND-GAIN](https://gain.nd.edu/our-work/country-index/download-data/); [Findex](The Global Findex Database 2021 (worldbank.org)); [Worldwide Governance Indicators]( WGI 2022 Interactive > Home (worldbank.org)); and IMF staff calculations. ,,,,0.441073708,0.441073708,0.441073708,0.441073708,0.441073708,0.441073708,0.441073708
Italy,IT,ITA,"Vulnerability score, Food",,[ND-GAIN](https://gain.nd.edu/our-work/country-index/download-data/); [Findex](The Global Findex Database 2021 (worldbank.org)); [Worldwide Governance Indicators]( WGI 2022 Interactive > Home (worldbank.org)); and IMF staff calculations. ,,,,0.311371104,0.312178829,0.311679032,0.309196501,0.309821346,0.313151581,0.308882647
Italy,IT,ITA,"Vulnerability score, Habitat",,[ND-GAIN](https://gain.nd.edu/our-work/country-index/download-data/); [Findex](The Global Findex Database 2021 (worldbank.org)); [Worldwide Governance Indicators]( WGI 2022 Interactive > Home (worldbank.org)); and IMF staff calculations. ,,,,0.392601095,0.393321885,0.392949214,0.392491587,0.393461958,0.394460872,0.395441204
Italy,IT,ITA,"Vulnerability score, Heath",,[ND-GAIN](https://gain.nd.edu/our-work/country-index/download-data/); [Findex](The Global Findex Database 2021 (worldbank.org)); [Worldwide Governance Indicators]( WGI 2022 Interactive > Home (worldbank.org)); and IMF staff calculations,,,,0.277579533,0.275940426,0.274073036,0.27462288,0.27178556,0.272743793,0.272743793
Italy,IT,ITA,"Vulnerability score, Infrastructure",,[ND-GAIN](https://gain.nd.edu/our-work/country-index/download-data/); [Findex](The Global Findex Database 2021 (worldbank.org)); [Worldwide Governance Indicators]( WGI 2022 Interactive > Home (worldbank.org)); and IMF staff calculations,,,,0.344119578,0.345179175,0.346177567,0.345726448,0.347297572,0.337364577,0.337364577
Italy,IT,ITA,"Vulnerability score, Sensitivity",,[ND-GAIN](https://gain.nd.edu/our-work/country-index/download-data/); [Findex](The Global Findex Database 2021 (worldbank.org)); [Worldwide Governance Indicators]( WGI 2022 Interactive > Home (worldbank.org)); and IMF staff calculations. ,,,,0.302302677,0.303550143,0.303775928,0.30266996,0.304294624,0.300522981,0.298491185
Italy,IT,ITA,"Vulnerability score, Water",,[ND-GAIN](https://gain.nd.edu/our-work/country-index/download-data/); [Findex](The Global Findex Database 2021 (worldbank.org)); [Worldwide Governance Indicators]( WGI 2022 Interactive > Home (worldbank.org)); and IMF staff calculations. ,,,,0.306022693,0.305960516,0.305889953,0.305812927,0.305929375,0.30576281,0.30576281
Latvia,LV,LVA,"Readiness score, Governance",,[ND-GAIN](https://gain.nd.edu/our-work/country-index/download-data/); [Findex](The Global Findex Database 2021 (worldbank.org)); [Worldwide Governance Indicators]( WGI 2022 Interactive > Home (worldbank.org)); and IMF staff calculations,,,,0.640458687,0.647308134,0.655166188,0.641491668,0.658900684,0.66956886,0.683460443
Latvia,LV,LVA,"Readiness score, IMF-Adapted Economic",,[ND-GAIN](https://gain.nd.edu/our-work/country-index/download-data/); [Findex](The Global Findex Database 2021 (worldbank.org)); [Worldwide Governance Indicators]( WGI 2022 Interactive > Home (worldbank.org)); and IMF staff calculations,,,,0.667513046,0.639660735,0.61022346,0.630415405,0.642774186,0.6251341,0.63079732
Latvia,LV,LVA,"Readiness score, Social",,[ND-GAIN](https://gain.nd.edu/our-work/country-index/download-data/); [Findex](The Global Findex Database 2021 (worldbank.org)); [Worldwide Governance Indicators]( WGI 2022 Interactive > Home (worldbank.org)); and IMF staff calculations,,,,0.464292435,0.452554733,0.462908973,0.470328618,0.471777883,0.478989608,0.480397906
Latvia,LV,LVA,"Vulnerability score, Capacity",,[ND-GAIN](https://gain.nd.edu/our-work/country-index/download-data/); [Findex](The Global Findex Database 2021 (worldbank.org)); [Worldwide Governance Indicators]( WGI 2022 Interactive > Home (worldbank.org)); and IMF staff calculations,,,,0.421897591,0.416051507,0.41826154,0.418492036,0.414677102,0.411493087,0.411493087
Latvia,LV,LVA,"Vulnerability score, Ecosystems",,[ND-GAIN](https://gain.nd.edu/our-work/country-index/download-data/); [Findex](The Global Findex Database 2021 (worldbank.org)); [Worldwide Governance Indicators]( WGI 2022 Interactive > Home (worldbank.org)); and IMF staff calculations. ,,,,0.428409805,0.429606797,0.430310626,0.431014455,0.429692088,0.428369722,0.434294322
Latvia,LV,LVA,"Vulnerability score, Exposure",,[ND-GAIN](https://gain.nd.edu/our-work/country-index/download-data/); [Findex](The Global Findex Database 2021 (worldbank.org)); [Worldwide Governance Indicators]( WGI 2022 Interactive > Home (worldbank.org)); and IMF staff calculations. ,,,,0.374414731,0.374414731,0.374414731,0.374414731,0.374414731,0.374414731,0.374414731
Latvia,LV,LVA,"Vulnerability score, Food",,[ND-GAIN](https://gain.nd.edu/our-work/country-index/download-data/); [Findex](The Global Findex Database 2021 (worldbank.org)); [Worldwide Governance Indicators]( WGI 2022 Interactive > Home (worldbank.org)); and IMF staff calculations. ,,,,0.247384941,0.250097497,0.253370005,0.250631237,0.25239826,0.25481601,0.245322515
Latvia,LV,LVA,"Vulnerability score, Habitat",,[ND-GAIN](https://gain.nd.edu/our-work/country-index/download-data/); [Findex](The Global Findex Database 2021 (worldbank.org)); [Worldwide Governance Indicators]( WGI 2022 Interactive > Home (worldbank.org)); and IMF staff calculations. ,,,,0.536481024,0.533682014,0.542767132,0.551396516,0.553546281,0.555684489,0.556875061
Latvia,LV,LVA,"Vulnerability score, Heath",,[ND-GAIN](https://gain.nd.edu/our-work/country-index/download-data/); [Findex](The Global Findex Database 2021 (worldbank.org)); [Worldwide Governance Indicators]( WGI 2022 Interactive > Home (worldbank.org)); and IMF staff calculations,,,,0.286863672,0.28325233,0.27987419,0.2765147,0.271698849,0.268781751,0.268781751
Latvia,LV,LVA,"Vulnerability score, Infrastructure",,[ND-GAIN](https://gain.nd.edu/our-work/country-index/download-data/); [Findex](The Global Findex Database 2021 (worldbank.org)); [Worldwide Governance Indicators]( WGI 2022 Interactive > Home (worldbank.org)); and IMF staff calculations,,,,0.358904447,0.354420313,0.343740858,0.338928566,0.343723037,0.345426236,0.345426236
Latvia,LV,LVA,"Vulnerability score, Sensitivity",,[ND-GAIN](https://gain.nd.edu/our-work/country-index/download-data/); [Findex](The Global Findex Database 2021 (worldbank.org)); [Worldwide Governance Indicators]( WGI 2022 Interactive > Home (worldbank.org)); and IMF staff calculations. ,,,,0.298953207,0.300637582,0.298067613,0.296434268,0.299959136,0.302974574,0.301686198
Latvia,LV,LVA,"Vulnerability score, Water",,[ND-GAIN](https://gain.nd.edu/our-work/country-index/download-data/); [Findex](The Global Findex Database 2021 (worldbank.org)); [Worldwide Governance Indicators]( WGI 2022 Interactive > Home (worldbank.org)); and IMF staff calculations. ,,,,0.34108555,0.340481909,0.339755776,0.339086764,0.338362608,0.337707335,0.337707335
Lithuania,LT,LTU,"Readiness score, Governance",,[ND-GAIN](https://gain.nd.edu/our-work/country-index/download-data/); [Findex](The Global Findex Database 2021 (worldbank.org)); [Worldwide Governance Indicators]( WGI 2022 Interactive > Home (worldbank.org)); and IMF staff calculations,,,,0.682431675,0.684804572,0.672766692,0.663591584,0.682791699,0.690749838,0.703923852
Lithuania,LT,LTU,"Readiness score, IMF-Adapted Economic",,[ND-GAIN](https://gain.nd.edu/our-work/country-index/download-data/); [Findex](The Global Findex Database 2021 (worldbank.org)); [Worldwide Governance Indicators]( WGI 2022 Interactive > Home (worldbank.org)); and IMF staff calculations,,,,0.623291238,0.624750554,0.627510009,0.622129868,0.60286001,0.587948236,0.572250332
Lithuania,LT,LTU,"Readiness score, Social",,[ND-GAIN](https://gain.nd.edu/our-work/country-index/download-data/); [Findex](The Global Findex Database 2021 (worldbank.org)); [Worldwide Governance Indicators]( WGI 2022 Interactive > Home (worldbank.org)); and IMF staff calculations,,,,0.430101331,0.433188873,0.42989472,0.433002989,0.434872749,0.435880521,0.438530301
Lithuania,LT,LTU,"Vulnerability score, Capacity",,[ND-GAIN](https://gain.nd.edu/our-work/country-index/download-data/); [Findex](The Global Findex Database 2021 (worldbank.org)); [Worldwide Governance Indicators]( WGI 2022 Interactive > Home (worldbank.org)); and IMF staff calculations,,,,0.467919001,0.457198686,0.466982327,0.479142456,0.478413974,0.477614548,0.477614548
Lithuania,LT,LTU,"Vulnerability score, Ecosystems",,[ND-GAIN](https://gain.nd.edu/our-work/country-index/download-data/); [Findex](The Global Findex Database 2021 (worldbank.org)); [Worldwide Governance Indicators]( WGI 2022 Interactive > Home (worldbank.org)); and IMF staff calculations. ,,,,0.454761726,0.452321382,0.451382944,0.450444505,0.45194678,0.453449054,0.458429353
Lithuania,LT,LTU,"Vulnerability score, Exposure",,[ND-GAIN](https://gain.nd.edu/our-work/country-index/download-data/); [Findex](The Global Findex Database 2021 (worldbank.org)); [Worldwide Governance Indicators]( WGI 2022 Interactive > Home (worldbank.org)); and IMF staff calculations. ,,,,0.364755166,0.364755166,0.364755166,0.364755166,0.364755166,0.364755166,0.364755166
Lithuania,LT,LTU,"Vulnerability score, Food",,[ND-GAIN](https://gain.nd.edu/our-work/country-index/download-data/); [Findex](The Global Findex Database 2021 (worldbank.org)); [Worldwide Governance Indicators]( WGI 2022 Interactive > Home (worldbank.org)); and IMF staff calculations. ,,,,0.294758025,0.28967422,0.290652936,0.294109968,0.294157997,0.296496052,0.289026186
Lithuania,LT,LTU,"Vulnerability score, Habitat",,[ND-GAIN](https://gain.nd.edu/our-work/country-index/download-data/); [Findex](The Global Findex Database 2021 (worldbank.org)); [Worldwide Governance Indicators]( WGI 2022 Interactive > Home (worldbank.org)); and IMF staff calculations. ,,,,0.547561189,0.540935963,0.560674027,0.580297793,0.581976878,0.583738697,0.585289601
Lithuania,LT,LTU,"Vulnerability score, Heath",,[ND-GAIN](https://gain.nd.edu/our-work/country-index/download-data/); [Findex](The Global Findex Database 2021 (worldbank.org)); [Worldwide Governance Indicators]( WGI 2022 Interactive > Home (worldbank.org)); and IMF staff calculations,,,,0.27645696,0.271783955,0.268254496,0.266286482,0.266578267,0.268003977,0.268003977
Lithuania,LT,LTU,"Vulnerability score, Infrastructure",,[ND-GAIN](https://gain.nd.edu/our-work/country-index/download-data/); [Findex](The Global Findex Database 2021 (worldbank.org)); [Worldwide Governance Indicators]( WGI 2022 Interactive > Home (worldbank.org)); and IMF staff calculations,,,,0.282555039,0.283833803,0.277532747,0.283812576,0.286130826,0.283417284,0.283417284
Lithuania,LT,LTU,"Vulnerability score, Sensitivity",,[ND-GAIN](https://gain.nd.edu/our-work/country-index/download-data/); [Findex](The Global Findex Database 2021 (worldbank.org)); [Worldwide Governance Indicators]( WGI 2022 Interactive > Home (worldbank.org)); and IMF staff calculations. ,,,,0.29627386,0.29637441,0.292986102,0.295168326,0.298691176,0.30159555,0.301762631
Lithuania,LT,LTU,"Vulnerability score, Water",,[ND-GAIN](https://gain.nd.edu/our-work/country-index/download-data/); [Findex](The Global Findex Database 2021 (worldbank.org)); [Worldwide Governance Indicators]( WGI 2022 Interactive > Home (worldbank.org)); and IMF staff calculations. ,,,,0.338746144,0.337193901,0.335864946,0.334973203,0.334821212,0.334674242,0.334674242
Luxembourg,LU,LUX,"Readiness score, Governance",,[ND-GAIN](https://gain.nd.edu/our-work/country-index/download-data/); [Findex](The Global Findex Database 2021 (worldbank.org)); [Worldwide Governance Indicators]( WGI 2022 Interactive > Home (worldbank.org)); and IMF staff calculations,,,,0.858121631,0.854587868,0.841793117,0.85601244,0.853242847,0.85232543,0.844255872
Luxembourg,LU,LUX,"Readiness score, IMF-Adapted Economic",,[ND-GAIN](https://gain.nd.edu/our-work/country-index/download-data/); [Findex](The Global Findex Database 2021 (worldbank.org)); [Worldwide Governance Indicators]( WGI 2022 Interactive > Home (worldbank.org)); and IMF staff calculations,,,,0.901776844,0.901688142,0.904369551,0.913999551,0.909444786,0.920587116,0.908685569
Luxembourg,LU,LUX,"Readiness score, Social",,[ND-GAIN](https://gain.nd.edu/our-work/country-index/download-data/); [Findex](The Global Findex Database 2021 (worldbank.org)); [Worldwide Governance Indicators]( WGI 2022 Interactive > Home (worldbank.org)); and IMF staff calculations,,,,0.6099936,0.611146793,0.610655214,0.609880933,0.571425557,0.599103084,0.599642139
Luxembourg,LU,LUX,"Vulnerability score, Capacity",,[ND-GAIN](https://gain.nd.edu/our-work/country-index/download-data/); [Findex](The Global Findex Database 2021 (worldbank.org)); [Worldwide Governance Indicators]( WGI 2022 Interactive > Home (worldbank.org)); and IMF staff calculations,,,,0.244002453,0.234561656,0.243613281,0.25038181,0.251722162,0.252152875,0.252152875
Luxembourg,LU,LUX,"Vulnerability score, Ecosystems",,[ND-GAIN](https://gain.nd.edu/our-work/country-index/download-data/); [Findex](The Global Findex Database 2021 (worldbank.org)); [Worldwide Governance Indicators]( WGI 2022 Interactive > Home (worldbank.org)); and IMF staff calculations. ,,,,0.324510754,0.325782385,0.327659262,0.329536139,0.32896229,0.328388441,0.329936268
Luxembourg,LU,LUX,"Vulnerability score, Exposure",,[ND-GAIN](https://gain.nd.edu/our-work/country-index/download-data/); [Findex](The Global Findex Database 2021 (worldbank.org)); [Worldwide Governance Indicators]( WGI 2022 Interactive > Home (worldbank.org)); and IMF staff calculations. ,,,,0.281654692,0.281654692,0.281654692,0.281654692,0.281654692,0.281654692,0.281654692
Luxembourg,LU,LUX,"Vulnerability score, Food",,[ND-GAIN](https://gain.nd.edu/our-work/country-index/download-data/); [Findex](The Global Findex Database 2021 (worldbank.org)); [Worldwide Governance Indicators]( WGI 2022 Interactive > Home (worldbank.org)); and IMF staff calculations. ,,,,0.16931727,0.159132136,0.162557769,0.162657588,0.163919234,0.168509858,0.163766224
Luxembourg,LU,LUX,"Vulnerability score, Habitat",,[ND-GAIN](https://gain.nd.edu/our-work/country-index/download-data/); [Findex](The Global Findex Database 2021 (worldbank.org)); [Worldwide Governance Indicators]( WGI 2022 Interactive > Home (worldbank.org)); and IMF staff calculations. ,,,,0.385597063,0.37845005,0.391394421,0.404720849,0.405230744,0.405936697,0.406832825
Luxembourg,LU,LUX,"Vulnerability score, Heath",,[ND-GAIN](https://gain.nd.edu/our-work/country-index/download-data/); [Findex](The Global Findex Database 2021 (worldbank.org)); [Worldwide Governance Indicators]( WGI 2022 Interactive > Home (worldbank.org)); and IMF staff calculations,,,,0.205397264,0.205055099,0.20393928,0.20409552,0.203579553,0.203024136,0.20291198
Luxembourg,LU,LUX,"Vulnerability score, Infrastructure",,[ND-GAIN](https://gain.nd.edu/our-work/country-index/download-data/); [Findex](The Global Findex Database 2021 (worldbank.org)); [Worldwide Governance Indicators]( WGI 2022 Interactive > Home (worldbank.org)); and IMF staff calculations,,,,0.362686708,0.362686708,0.362686708,0.362686708,0.362686708,0.362686708,0.362686708
Luxembourg,LU,LUX,"Vulnerability score, Sensitivity",,[ND-GAIN](https://gain.nd.edu/our-work/country-index/download-data/); [Findex](The Global Findex Database 2021 (worldbank.org)); [Worldwide Governance Indicators]( WGI 2022 Interactive > Home (worldbank.org)); and IMF staff calculations. ,,,,0.35319578,0.353706358,0.35414284,0.356216795,0.355154973,0.35676459,0.355558671
Luxembourg,LU,LUX,"Vulnerability score, Water",,[ND-GAIN](https://gain.nd.edu/our-work/country-index/download-data/); [Findex](The Global Findex Database 2021 (worldbank.org)); [Worldwide Governance Indicators]( WGI 2022 Interactive > Home (worldbank.org)); and IMF staff calculations. ,,,,0.343482834,0.343598544,0.343935091,0.345032607,0.34468455,0.344526113,0.344526113
Malta,MT,MLT,"Readiness score, Governance",,[ND-GAIN](https://gain.nd.edu/our-work/country-index/download-data/); [Findex](The Global Findex Database 2021 (worldbank.org)); [Worldwide Governance Indicators]( WGI 2022 Interactive > Home (worldbank.org)); and IMF staff calculations,,,,0.712682302,0.695548271,0.717476289,0.708016012,0.653489605,0.672135831,0.645016505
Malta,MT,MLT,"Readiness score, IMF-Adapted Economic",,[ND-GAIN](https://gain.nd.edu/our-work/country-index/download-data/); [Findex](The Global Findex Database 2021 (worldbank.org)); [Worldwide Governance Indicators]( WGI 2022 Interactive > Home (worldbank.org)); and IMF staff calculations,,,,0.707392708,0.726790761,0.740462876,0.732217876,0.716477288,0.730906455,0.7120975
Malta,MT,MLT,"Readiness score, Social",,[ND-GAIN](https://gain.nd.edu/our-work/country-index/download-data/); [Findex](The Global Findex Database 2021 (worldbank.org)); [Worldwide Governance Indicators]( WGI 2022 Interactive > Home (worldbank.org)); and IMF staff calculations,,,,0.354532543,0.339280212,0.362279144,0.36605421,0.392075901,0.411548482,0.412486333
Malta,MT,MLT,"Vulnerability score, Capacity",,[ND-GAIN](https://gain.nd.edu/our-work/country-index/download-data/); [Findex](The Global Findex Database 2021 (worldbank.org)); [Worldwide Governance Indicators]( WGI 2022 Interactive > Home (worldbank.org)); and IMF staff calculations,,,,0.360406315,0.36726107,0.367186082,0.363691636,0.363684158,0.363676678,0.363676678
Malta,MT,MLT,"Vulnerability score, Ecosystems",,[ND-GAIN](https://gain.nd.edu/our-work/country-index/download-data/); [Findex](The Global Findex Database 2021 (worldbank.org)); [Worldwide Governance Indicators]( WGI 2022 Interactive > Home (worldbank.org)); and IMF staff calculations. ,,,,0.334297552,0.340678007,0.343211791,0.345745575,0.345224134,0.344702693,0.343108846
Malta,MT,MLT,"Vulnerability score, Exposure",,[ND-GAIN](https://gain.nd.edu/our-work/country-index/download-data/); [Findex](The Global Findex Database 2021 (worldbank.org)); [Worldwide Governance Indicators]( WGI 2022 Interactive > Home (worldbank.org)); and IMF staff calculations. ,,,,0.309652837,0.309652837,0.309652837,0.309652837,0.309652837,0.309652837,0.309652837
Malta,MT,MLT,"Vulnerability score, Food",,[ND-GAIN](https://gain.nd.edu/our-work/country-index/download-data/); [Findex](The Global Findex Database 2021 (worldbank.org)); [Worldwide Governance Indicators]( WGI 2022 Interactive > Home (worldbank.org)); and IMF staff calculations. ,,,,0.179028921,0.185903451,0.189993615,0.190400944,0.183307114,0.192485518,0.187781279
Malta,MT,MLT,"Vulnerability score, Habitat",,[ND-GAIN](https://gain.nd.edu/our-work/country-index/download-data/); [Findex](The Global Findex Database 2021 (worldbank.org)); [Worldwide Governance Indicators]( WGI 2022 Interactive > Home (worldbank.org)); and IMF staff calculations. ,,,,0.504147184,0.507314265,0.508343069,0.509141663,0.508907856,0.508690214,0.508645449
Malta,MT,MLT,"Vulnerability score, Heath",,[ND-GAIN](https://gain.nd.edu/our-work/country-index/download-data/); [Findex](The Global Findex Database 2021 (worldbank.org)); [Worldwide Governance Indicators]( WGI 2022 Interactive > Home (worldbank.org)); and IMF staff calculations,,,,0.273538124,0.273538124,0.273538124,0.265465296,0.265409876,0.265349227,0.265349227
Malta,MT,MLT,"Vulnerability score, Infrastructure",,[ND-GAIN](https://gain.nd.edu/our-work/country-index/download-data/); [Findex](The Global Findex Database 2021 (worldbank.org)); [Worldwide Governance Indicators]( WGI 2022 Interactive > Home (worldbank.org)); and IMF staff calculations,,,,0.427944888,0.427944888,0.427944888,0.427944888,0.427944888,0.427944888,0.427944888
Malta,MT,MLT,"Vulnerability score, Sensitivity",,[ND-GAIN](https://gain.nd.edu/our-work/country-index/download-data/); [Findex](The Global Findex Database 2021 (worldbank.org)); [Worldwide Governance Indicators]( WGI 2022 Interactive > Home (worldbank.org)); and IMF staff calculations. ,,,,0.358500275,0.360175436,0.37014048,0.366382938,0.359952358,0.364418511,0.361531327
Malta,MT,MLT,"Vulnerability score, Water",,[ND-GAIN](https://gain.nd.edu/our-work/country-index/download-data/); [Findex](The Global Findex Database 2021 (worldbank.org)); [Worldwide Governance Indicators]( WGI 2022 Interactive > Home (worldbank.org)); and IMF staff calculations. ,,,,0.309136142,0.309418961,0.321014468,0.311779399,0.306603589,0.307833117,0.307833117
Portugal,PT,PRT,"Readiness score, Governance",,[ND-GAIN](https://gain.nd.edu/our-work/country-index/download-data/); [Findex](The Global Findex Database 2021 (worldbank.org)); [Worldwide Governance Indicators]( WGI 2022 Interactive > Home (worldbank.org)); and IMF staff calculations,,,,0.697355107,0.689419355,0.699763836,0.698268813,0.696073958,0.688238538,0.679452959
Portugal,PT,PRT,"Readiness score, IMF-Adapted Economic",,[ND-GAIN](https://gain.nd.edu/our-work/country-index/download-data/); [Findex](The Global Findex Database 2021 (worldbank.org)); [Worldwide Governance Indicators]( WGI 2022 Interactive > Home (worldbank.org)); and IMF staff calculations,,,,0.686709946,0.691135863,0.711725521,0.701823217,0.698495435,0.684995576,0.684392912
Portugal,PT,PRT,"Readiness score, Social",,[ND-GAIN](https://gain.nd.edu/our-work/country-index/download-data/); [Findex](The Global Findex Database 2021 (worldbank.org)); [Worldwide Governance Indicators]( WGI 2022 Interactive > Home (worldbank.org)); and IMF staff calculations,,,,0.479235016,0.457727099,0.453120502,0.464336885,0.478772962,0.488318536,0.494228919
Portugal,PT,PRT,"Vulnerability score, Capacity",,[ND-GAIN](https://gain.nd.edu/our-work/country-index/download-data/); [Findex](The Global Findex Database 2021 (worldbank.org)); [Worldwide Governance Indicators]( WGI 2022 Interactive > Home (worldbank.org)); and IMF staff calculations,,,,0.284268514,0.283694986,0.280557514,0.27435905,0.273534201,0.273149318,0.273149318
Portugal,PT,PRT,"Vulnerability score, Ecosystems",,[ND-GAIN](https://gain.nd.edu/our-work/country-index/download-data/); [Findex](The Global Findex Database 2021 (worldbank.org)); [Worldwide Governance Indicators]( WGI 2022 Interactive > Home (worldbank.org)); and IMF staff calculations. ,,,,0.403981968,0.405099738,0.406038177,0.406976615,0.40847024,0.409963865,0.411274427
Portugal,PT,PRT,"Vulnerability score, Exposure",,[ND-GAIN](https://gain.nd.edu/our-work/country-index/download-data/); [Findex](The Global Findex Database 2021 (worldbank.org)); [Worldwide Governance Indicators]( WGI 2022 Interactive > Home (worldbank.org)); and IMF staff calculations. ,,,,0.393535224,0.393535224,0.393535224,0.393535224,0.393535224,0.393535224,0.393535224
Portugal,PT,PRT,"Vulnerability score, Food",,[ND-GAIN](https://gain.nd.edu/our-work/country-index/download-data/); [Findex](The Global Findex Database 2021 (worldbank.org)); [Worldwide Governance Indicators]( WGI 2022 Interactive > Home (worldbank.org)); and IMF staff calculations. ,,,,0.320747571,0.319597551,0.321010203,0.315357508,0.314125724,0.317324688,0.31301486
Portugal,PT,PRT,"Vulnerability score, Habitat",,[ND-GAIN](https://gain.nd.edu/our-work/country-index/download-data/); [Findex](The Global Findex Database 2021 (worldbank.org)); [Worldwide Governance Indicators]( WGI 2022 Interactive > Home (worldbank.org)); and IMF staff calculations. ,,,,0.398333322,0.406368384,0.405006742,0.403425128,0.40514201,0.406724248,0.408160953
Portugal,PT,PRT,"Vulnerability score, Heath",,[ND-GAIN](https://gain.nd.edu/our-work/country-index/download-data/); [Findex](The Global Findex Database 2021 (worldbank.org)); [Worldwide Governance Indicators]( WGI 2022 Interactive > Home (worldbank.org)); and IMF staff calculations,,,,0.251220658,0.245065809,0.238739677,0.232615243,0.230007335,0.229805372,0.229805372
Portugal,PT,PRT,"Vulnerability score, Infrastructure",,[ND-GAIN](https://gain.nd.edu/our-work/country-index/download-data/); [Findex](The Global Findex Database 2021 (worldbank.org)); [Worldwide Governance Indicators]( WGI 2022 Interactive > Home (worldbank.org)); and IMF staff calculations,,,,0.290822645,0.284375219,0.295303624,0.291861,0.289868317,0.266782437,0.266782437
Portugal,PT,PRT,"Vulnerability score, Sensitivity",,[ND-GAIN](https://gain.nd.edu/our-work/country-index/download-data/); [Findex](The Global Findex Database 2021 (worldbank.org)); [Worldwide Governance Indicators]( WGI 2022 Interactive > Home (worldbank.org)); and IMF staff calculations. ,,,,0.309390284,0.307434014,0.308798389,0.306930575,0.306378175,0.298194611,0.297413331
Portugal,PT,PRT,"Vulnerability score, Water",,[ND-GAIN](https://gain.nd.edu/our-work/country-index/download-data/); [Findex](The Global Findex Database 2021 (worldbank.org)); [Worldwide Governance Indicators]( WGI 2022 Interactive > Home (worldbank.org)); and IMF staff calculations. ,,,,0.309281881,0.308821747,0.299683833,0.299414206,0.299281574,0.299157697,0.299157697
Romania,RO,ROU,"Readiness score, IMF-Adapted Economic",,[ND-GAIN](https://gain.nd.edu/our-work/country-index/download-data/); [Findex](The Global Findex Database 2021 (worldbank.org)); [Worldwide Governance Indicators]( WGI 2022 Interactive > Home (worldbank.org)); and IMF staff calculations,,,,0.530078679,0.514965076,0.515575609,0.505064492,0.499797665,0.491183731,0.503369986
Romania,RO,ROU,"Readiness score, Social",,[ND-GAIN](https://gain.nd.edu/our-work/country-index/download-data/); [Findex](The Global Findex Database 2021 (worldbank.org)); [Worldwide Governance Indicators]( WGI 2022 Interactive > Home (worldbank.org)); and IMF staff calculations,,,,0.428529981,0.436357384,0.448186728,0.457236925,0.447388976,0.451575429,0.456462813
Romania,RO,ROU,"Vulnerability score, Capacity",,[ND-GAIN](https://gain.nd.edu/our-work/country-index/download-data/); [Findex](The Global Findex Database 2021 (worldbank.org)); [Worldwide Governance Indicators]( WGI 2022 Interactive > Home (worldbank.org)); and IMF staff calculations,,,,0.431107293,0.428656091,0.423113454,0.421776904,0.419453106,0.418729156,0.418729156
Romania,RO,ROU,"Vulnerability score, Ecosystems",,[ND-GAIN](https://gain.nd.edu/our-work/country-index/download-data/); [Findex](The Global Findex Database 2021 (worldbank.org)); [Worldwide Governance Indicators]( WGI 2022 Interactive > Home (worldbank.org)); and IMF staff calculations. ,,,,0.42268007,0.420511887,0.421356482,0.422201076,0.422845984,0.423490892,0.424522517
Romania,RO,ROU,"Vulnerability score, Exposure",,[ND-GAIN](https://gain.nd.edu/our-work/country-index/download-data/); [Findex](The Global Findex Database 2021 (worldbank.org)); [Worldwide Governance Indicators]( WGI 2022 Interactive > Home (worldbank.org)); and IMF staff calculations. ,,,,0.445196937,0.445196937,0.445196937,0.445196937,0.445196937,0.445196937,0.445196937
Romania,RO,ROU,"Vulnerability score, Food",,[ND-GAIN](https://gain.nd.edu/our-work/country-index/download-data/); [Findex](The Global Findex Database 2021 (worldbank.org)); [Worldwide Governance Indicators]( WGI 2022 Interactive > Home (worldbank.org)); and IMF staff calculations. ,,,,0.486490374,0.48775363,0.487280268,0.488483645,0.489602736,0.493628643,0.490844709
Romania,RO,ROU,"Vulnerability score, Habitat",,[ND-GAIN](https://gain.nd.edu/our-work/country-index/download-data/); [Findex](The Global Findex Database 2021 (worldbank.org)); [Worldwide Governance Indicators]( WGI 2022 Interactive > Home (worldbank.org)); and IMF staff calculations. ,,,,0.467341952,0.466760517,0.468185185,0.469701319,0.471681133,0.473429193,0.474706387
Romania,RO,ROU,"Vulnerability score, Heath",,[ND-GAIN](https://gain.nd.edu/our-work/country-index/download-data/); [Findex](The Global Findex Database 2021 (worldbank.org)); [Worldwide Governance Indicators]( WGI 2022 Interactive > Home (worldbank.org)); and IMF staff calculations,,,,0.336996498,0.33542292,0.325461566,0.320586219,0.31555013,0.314042467,0.314042467
Romania,RO,ROU,"Vulnerability score, Infrastructure",,[ND-GAIN](https://gain.nd.edu/our-work/country-index/download-data/); [Findex](The Global Findex Database 2021 (worldbank.org)); [Worldwide Governance Indicators]( WGI 2022 Interactive > Home (worldbank.org)); and IMF staff calculations,,,,0.219275619,0.228682573,0.230606234,0.231920419,0.24110306,0.238498134,0.238498134
Romania,RO,ROU,"Vulnerability score, Sensitivity",,[ND-GAIN](https://gain.nd.edu/our-work/country-index/download-data/); [Findex](The Global Findex Database 2021 (worldbank.org)); [Worldwide Governance Indicators]( WGI 2022 Interactive > Home (worldbank.org)); and IMF staff calculations. ,,,,0.292756219,0.299475985,0.304036737,0.305079088,0.312800972,0.314611534,0.314501696
Romania,RO,ROU,"Vulnerability score, Water",,[ND-GAIN](https://gain.nd.edu/our-work/country-index/download-data/); [Findex](The Global Findex Database 2021 (worldbank.org)); [Worldwide Governance Indicators]( WGI 2022 Interactive > Home (worldbank.org)); and IMF staff calculations. ,,,,0.441245978,0.440783085,0.441942505,0.440532483,0.440318982,0.440109591,0.440109591
Spain,ES,ESP,"Readiness score, Governance",,[ND-GAIN](https://gain.nd.edu/our-work/country-index/download-data/); [Findex](The Global Findex Database 2021 (worldbank.org)); [Worldwide Governance Indicators]( WGI 2022 Interactive > Home (worldbank.org)); and IMF staff calculations,,,,0.635599327,0.652912744,0.643606259,0.647721531,0.657475094,0.64538912,0.652892014
Spain,ES,ESP,"Readiness score, IMF-Adapted Economic",,[ND-GAIN](https://gain.nd.edu/our-work/country-index/download-data/); [Findex](The Global Findex Database 2021 (worldbank.org)); [Worldwide Governance Indicators]( WGI 2022 Interactive > Home (worldbank.org)); and IMF staff calculations,,,,0.78626446,0.779477995,0.769203556,0.7673361,0.768377681,0.758530627,0.766320495
Spain,ES,ESP,"Readiness score, Social",,[ND-GAIN](https://gain.nd.edu/our-work/country-index/download-data/); [Findex](The Global Findex Database 2021 (worldbank.org)); [Worldwide Governance Indicators]( WGI 2022 Interactive > Home (worldbank.org)); and IMF staff calculations,,,,0.469644885,0.472183952,0.46504229,0.454417358,0.454587359,0.465514813,0.466670369
Spain,ES,ESP,"Vulnerability score, Capacity",,[ND-GAIN](https://gain.nd.edu/our-work/country-index/download-data/); [Findex](The Global Findex Database 2021 (worldbank.org)); [Worldwide Governance Indicators]( WGI 2022 Interactive > Home (worldbank.org)); and IMF staff calculations,,,,0.244721411,0.24556265,0.240968161,0.239169919,0.240544446,0.240482625,0.240482625
Spain,ES,ESP,"Vulnerability score, Ecosystems",,[ND-GAIN](https://gain.nd.edu/our-work/country-index/download-data/); [Findex](The Global Findex Database 2021 (worldbank.org)); [Worldwide Governance Indicators]( WGI 2022 Interactive > Home (worldbank.org)); and IMF staff calculations. ,,,,0.278944953,0.279010676,0.279479895,0.279949114,0.280529278,0.281109443,0.281415295
Spain,ES,ESP,"Vulnerability score, Exposure",,[ND-GAIN](https://gain.nd.edu/our-work/country-index/download-data/); [Findex](The Global Findex Database 2021 (worldbank.org)); [Worldwide Governance Indicators]( WGI 2022 Interactive > Home (worldbank.org)); and IMF staff calculations. ,,,,0.361404607,0.361404607,0.361404607,0.361404607,0.361404607,0.361404607,0.361404607
Spain,ES,ESP,"Vulnerability score, Food",,[ND-GAIN](https://gain.nd.edu/our-work/country-index/download-data/); [Findex](The Global Findex Database 2021 (worldbank.org)); [Worldwide Governance Indicators]( WGI 2022 Interactive > Home (worldbank.org)); and IMF staff calculations. ,,,,0.315435023,0.318679489,0.313681282,0.311877357,0.316857679,0.319326655,0.31679881
Spain,ES,ESP,"Vulnerability score, Habitat",,[ND-GAIN](https://gain.nd.edu/our-work/country-index/download-data/); [Findex](The Global Findex Database 2021 (worldbank.org)); [Worldwide Governance Indicators]( WGI 2022 Interactive > Home (worldbank.org)); and IMF staff calculations. ,,,,0.371466755,0.373850887,0.372312482,0.370442144,0.370787409,0.3709576,0.371154447
Spain,ES,ESP,"Vulnerability score, Heath",,[ND-GAIN](https://gain.nd.edu/our-work/country-index/download-data/); [Findex](The Global Findex Database 2021 (worldbank.org)); [Worldwide Governance Indicators]( WGI 2022 Interactive > Home (worldbank.org)); and IMF staff calculations,,,,0.280245259,0.278222321,0.276057436,0.273779221,0.270329015,0.270329591,0.270329591
Spain,ES,ESP,"Vulnerability score, Infrastructure",,[ND-GAIN](https://gain.nd.edu/our-work/country-index/download-data/); [Findex](The Global Findex Database 2021 (worldbank.org)); [Worldwide Governance Indicators]( WGI 2022 Interactive > Home (worldbank.org)); and IMF staff calculations,,,,0.313261685,0.310596832,0.314087204,0.314318227,0.317971681,0.297818143,0.297818143
Spain,ES,ESP,"Vulnerability score, Sensitivity",,[ND-GAIN](https://gain.nd.edu/our-work/country-index/download-data/); [Findex](The Global Findex Database 2021 (worldbank.org)); [Worldwide Governance Indicators]( WGI 2022 Interactive > Home (worldbank.org)); and IMF staff calculations. ,,,,0.303262065,0.303169968,0.304272911,0.302935445,0.30476037,0.297289017,0.296184392
Spain,ES,ESP,"Vulnerability score, Water",,[ND-GAIN](https://gain.nd.edu/our-work/country-index/download-data/); [Findex](The Global Findex Database 2021 (worldbank.org)); [Worldwide Governance Indicators]( WGI 2022 Interactive > Home (worldbank.org)); and IMF staff calculations. ,,,,0.267009736,0.266595336,0.265156988,0.264319226,0.264109762,0.263873749,0.263873749
Sweden,SE,SWE,"Readiness score, Governance",,[ND-GAIN](https://gain.nd.edu/our-work/country-index/download-data/); [Findex](The Global Findex Database 2021 (worldbank.org)); [Worldwide Governance Indicators]( WGI 2022 Interactive > Home (worldbank.org)); and IMF staff calculations,,,,0.857393331,0.858464588,0.847416782,0.845859308,0.847956797,0.840365086,0.841059181
Sweden,SE,SWE,"Readiness score, IMF-Adapted Economic",,[ND-GAIN](https://gain.nd.edu/our-work/country-index/download-data/); [Findex](The Global Findex Database 2021 (worldbank.org)); [Worldwide Governance Indicators]( WGI 2022 Interactive > Home (worldbank.org)); and IMF staff calculations,,,,0.831228659,0.8220965,0.816539678,0.820681073,0.825035414,0.830380166,0.828917967
Sweden,SE,SWE,"Readiness score, Social",,[ND-GAIN](https://gain.nd.edu/our-work/country-index/download-data/); [Findex](The Global Findex Database 2021 (worldbank.org)); [Worldwide Governance Indicators]( WGI 2022 Interactive > Home (worldbank.org)); and IMF staff calculations,,,,0.692884975,0.690517576,0.690120557,0.67531821,0.67958197,0.685820752,0.681532837
Sweden,SE,SWE,"Vulnerability score, Capacity",,[ND-GAIN](https://gain.nd.edu/our-work/country-index/download-data/); [Findex](The Global Findex Database 2021 (worldbank.org)); [Worldwide Governance Indicators]( WGI 2022 Interactive > Home (worldbank.org)); and IMF staff calculations,,,,0.243931856,0.241861397,0.242433763,0.243096007,0.243458466,0.243462864,0.243462864
Sweden,SE,SWE,"Vulnerability score, Ecosystems",,[ND-GAIN](https://gain.nd.edu/our-work/country-index/download-data/); [Findex](The Global Findex Database 2021 (worldbank.org)); [Worldwide Governance Indicators]( WGI 2022 Interactive > Home (worldbank.org)); and IMF staff calculations. ,,,,0.348468859,0.34715673,0.34739134,0.347625949,0.34641892,0.346124448,0.351540895
Sweden,SE,SWE,"Vulnerability score, Exposure",,[ND-GAIN](https://gain.nd.edu/our-work/country-index/download-data/); [Findex](The Global Findex Database 2021 (worldbank.org)); [Worldwide Governance Indicators]( WGI 2022 Interactive > Home (worldbank.org)); and IMF staff calculations. ,,,,0.410122175,0.410122175,0.410122175,0.410122175,0.410122175,0.410122175,0.410122175
Sweden,SE,SWE,"Vulnerability score, Food",,[ND-GAIN](https://gain.nd.edu/our-work/country-index/download-data/); [Findex](The Global Findex Database 2021 (worldbank.org)); [Worldwide Governance Indicators]( WGI 2022 Interactive > Home (worldbank.org)); and IMF staff calculations. ,,,,0.234801716,0.236713954,0.23467961,0.233710545,0.233812957,0.234106012,0.230146047
Sweden,SE,SWE,"Vulnerability score, Habitat",,[ND-GAIN](https://gain.nd.edu/our-work/country-index/download-data/); [Findex](The Global Findex Database 2021 (worldbank.org)); [Worldwide Governance Indicators]( WGI 2022 Interactive > Home (worldbank.org)); and IMF staff calculations. ,,,,0.564213217,0.562122638,0.564191241,0.566033604,0.5670385,0.567797474,0.568436909
Sweden,SE,SWE,"Vulnerability score, Heath",,[ND-GAIN](https://gain.nd.edu/our-work/country-index/download-data/); [Findex](The Global Findex Database 2021 (worldbank.org)); [Worldwide Governance Indicators]( WGI 2022 Interactive > Home (worldbank.org)); and IMF staff calculations,,,,0.233802748,0.232702574,0.231717189,0.23085914,0.230725014,0.230697748,0.230697748
Sweden,SE,SWE,"Vulnerability score, Infrastructure",,[ND-GAIN](https://gain.nd.edu/our-work/country-index/download-data/); [Findex](The Global Findex Database 2021 (worldbank.org)); [Worldwide Governance Indicators]( WGI 2022 Interactive > Home (worldbank.org)); and IMF staff calculations,,,,0.198915537,0.203993409,0.191371251,0.195366047,0.197613711,0.203012915,0.203012915
Sweden,SE,SWE,"Vulnerability score, Sensitivity",,[ND-GAIN](https://gain.nd.edu/our-work/country-index/download-data/); [Findex](The Global Findex Database 2021 (worldbank.org)); [Worldwide Governance Indicators]( WGI 2022 Interactive > Home (worldbank.org)); and IMF staff calculations. ,,,,0.227600834,0.231909978,0.2246671,0.226900219,0.228151273,0.232006608,0.233149836
Sweden,SE,SWE,"Vulnerability score, Water",,[ND-GAIN](https://gain.nd.edu/our-work/country-index/download-data/); [Findex](The Global Findex Database 2021 (worldbank.org)); [Worldwide Governance Indicators]( WGI 2022 Interactive > Home (worldbank.org)); and IMF staff calculations. ,,,,0.184141305,0.185229895,0.18627046,0.187301334,0.188283681,0.189226554,0.189226554
United Kingdom,GB,GBR,"Readiness score, Governance",,[ND-GAIN](https://gain.nd.edu/our-work/country-index/download-data/); [Findex](The Global Findex Database 2021 (worldbank.org)); [Worldwide Governance Indicators]( WGI 2022 Interactive > Home (worldbank.org)); and IMF staff calculations,,,,0.811444086,0.795362563,0.792373511,0.779583563,0.786827973,0.767133521,0.76417299
United Kingdom,GB,GBR,"Readiness score, IMF-Adapted Economic",,[ND-GAIN](https://gain.nd.edu/our-work/country-index/download-data/); [Findex](The Global Findex Database 2021 (worldbank.org)); [Worldwide Governance Indicators]( WGI 2022 Interactive > Home (worldbank.org)); and IMF staff calculations,,,,0.88427739,0.873218555,0.860793743,0.845954814,0.847108046,0.828191783,0.8113398
United Kingdom,GB,GBR,"Readiness score, Social",,[ND-GAIN](https://gain.nd.edu/our-work/country-index/download-data/); [Findex](The Global Findex Database 2021 (worldbank.org)); [Worldwide Governance Indicators]( WGI 2022 Interactive > Home (worldbank.org)); and IMF staff calculations,,,,0.628168403,0.632027788,0.620116293,0.613853306,0.607685537,0.613691647,0.615187581
United Kingdom,GB,GBR,"Vulnerability score, Capacity",,[ND-GAIN](https://gain.nd.edu/our-work/country-index/download-data/); [Findex](The Global Findex Database 2021 (worldbank.org)); [Worldwide Governance Indicators]( WGI 2022 Interactive > Home (worldbank.org)); and IMF staff calculations,,,,0.237286752,0.238066736,0.240327928,0.241158676,0.24046944,0.243729639,0.243729639
United Kingdom,GB,GBR,"Vulnerability score, Ecosystems",,[ND-GAIN](https://gain.nd.edu/our-work/country-index/download-data/); [Findex](The Global Findex Database 2021 (worldbank.org)); [Worldwide Governance Indicators]( WGI 2022 Interactive > Home (worldbank.org)); and IMF staff calculations. ,,,,0.278537994,0.282205382,0.281501553,0.280797724,0.279934676,0.279071627,0.279405624
United Kingdom,GB,GBR,"Vulnerability score, Exposure",,[ND-GAIN](https://gain.nd.edu/our-work/country-index/download-data/); [Findex](The Global Findex Database 2021 (worldbank.org)); [Worldwide Governance Indicators]( WGI 2022 Interactive > Home (worldbank.org)); and IMF staff calculations. ,,,,0.389993666,0.389993666,0.389993666,0.389993666,0.389993666,0.389993666,0.389993666
United Kingdom,GB,GBR,"Vulnerability score, Food",,[ND-GAIN](https://gain.nd.edu/our-work/country-index/download-data/); [Findex](The Global Findex Database 2021 (worldbank.org)); [Worldwide Governance Indicators]( WGI 2022 Interactive > Home (worldbank.org)); and IMF staff calculations. ,,,,0.209042017,0.205294138,0.206339541,0.205392329,0.203702244,0.214494321,0.212161076
United Kingdom,GB,GBR,"Vulnerability score, Habitat",,[ND-GAIN](https://gain.nd.edu/our-work/country-index/download-data/); [Findex](The Global Findex Database 2021 (worldbank.org)); [Worldwide Governance Indicators]( WGI 2022 Interactive > Home (worldbank.org)); and IMF staff calculations. ,,,,0.402759331,0.403282079,0.408526688,0.413623973,0.41481213,0.415708386,0.416434658
United Kingdom,GB,GBR,"Vulnerability score, Heath",,[ND-GAIN](https://gain.nd.edu/our-work/country-index/download-data/); [Findex](The Global Findex Database 2021 (worldbank.org)); [Worldwide Governance Indicators]( WGI 2022 Interactive > Home (worldbank.org)); and IMF staff calculations,,,,0.218538489,0.21860528,0.218733657,0.217234927,0.215715333,0.213538151,0.213538151
United Kingdom,GB,GBR,"Vulnerability score, Infrastructure",,[ND-GAIN](https://gain.nd.edu/our-work/country-index/download-data/); [Findex](The Global Findex Database 2021 (worldbank.org)); [Worldwide Governance Indicators]( WGI 2022 Interactive > Home (worldbank.org)); and IMF staff calculations,,,,0.242948412,0.238293171,0.238236414,0.237245595,0.233800004,0.217172376,0.217172376
United Kingdom,GB,GBR,"Vulnerability score, Sensitivity",,[ND-GAIN](https://gain.nd.edu/our-work/country-index/download-data/); [Findex](The Global Findex Database 2021 (worldbank.org)); [Worldwide Governance Indicators]( WGI 2022 Interactive > Home (worldbank.org)); and IMF staff calculations. ,,,,0.227193182,0.224491975,0.225083654,0.224754717,0.222288244,0.215046767,0.214410278
United Kingdom,GB,GBR,"Vulnerability score, Water",,[ND-GAIN](https://gain.nd.edu/our-work/country-index/download-data/); [Findex](The Global Findex Database 2021 (worldbank.org)); [Worldwide Governance Indicators]( WGI 2022 Interactive > Home (worldbank.org)); and IMF staff calculations. ,,,,0.357120957,0.357424702,0.357472642,0.357519569,0.357538312,0.357555281,0.357555281
Slovenia,,,"Readiness score, Governance",,,,,,0,0,0,0,0,0,0
Netherlands,,,"Readiness score, IMF-Adapted Economic",,,,,,0,0,0,0,0,0,0
Estonia,,,"Readiness score, Social",,,,,,0,0,0,0,0,0,0
Croatia,,,"Vulnerability score, Capacity",,,,,,0,0,0,0,0,0,0
Slovakia,,,"Vulnerability score, Ecosystems",,,,,,0,0,0,0,0,0,0
Czech Republic,,,"Vulnerability score, Exposure",,,,,,0,0,0,0,0,0,0
Poland,,,"Vulnerability score, Food",,,,,,0,0,0,0,0,0,0
Slovenia,,,"Vulnerability score, Habitat",,,,,,0,0,0,0,0,0,0
Netherlands,,,"Vulnerability score, Heath",,,,,,0,0,0,0,0,0,0
Estonia,,,"Vulnerability score, Infrastructure",,,,,,0,0,0,0,0,0,0
Croatia,,,"Vulnerability score, Sensitivity",,,,,,0,0,0,0,0,0,0
Slovakia,,,"Vulnerability score, Water",,,,,,0,0,0,0,0,0,0
Czech Republic,,,"Readiness score, Governance",,,,,,0,0,0,0,0,0,0
Poland,,,"Readiness score, IMF-Adapted Economic",,,,,,0,0,0,0,0,0,0
Slovenia,,,"Readiness score, Social",,,,,,0,0,0,0,0,0,0
Netherlands,,,"Vulnerability score, Capacity",,,,,,0,0,0,0,0,0,0
Estonia,,,"Vulnerability score, Ecosystems",,,,,,0,0,0,0,0,0,0
Croatia,,,"Vulnerability score, Exposure",,,,,,0,0,0,0,0,0,0
Slovakia,,,"Vulnerability score, Food",,,,,,0,0,0,0,0,0,0
Czech Republic,,,"Vulnerability score, Habitat",,,,,,0,0,0,0,0,0,0
Poland,,,"Vulnerability score, Heath",,,,,,0,0,0,0,0,0,0
Slovenia,,,"Vulnerability score, Infrastructure",,,,,,0,0,0,0,0,0,0
Netherlands,,,"Vulnerability score, Sensitivity",,,,,,0,0,0,0,0,0,0
Estonia,,,"Vulnerability score, Water",,,,,,0,0,0,0,0,0,0
Croatia,,,"Readiness score, Governance",,,,,,0,0,0,0,0,0,0
Slovakia,,,"Readiness score, IMF-Adapted Economic",,,,,,0,0,0,0,0,0,0
Czech Republic,,,"Readiness score, Social",,,,,,0,0,0,0,0,0,0
Poland,,,"Vulnerability score, Capacity",,,,,,0,0,0,0,0,0,0
Slovenia,,,"Vulnerability score, Ecosystems",,,,,,0,0,0,0,0,0,0
Netherlands,,,"Vulnerability score, Exposure",,,,,,0,0,0,0,0,0,0
Estonia,,,"Vulnerability score, Food",,,,,,0,0,0,0,0,0,0
Croatia,,,"Vulnerability score, Habitat",,,,,,0,0,0,0,0,0,0
Slovakia,,,"Vulnerability score, Heath",,,,,,0,0,0,0,0,0,0
Czech Republic,,,"Vulnerability score, Infrastructure",,,,,,0,0,0,0,0,0,0
Poland,,,"Vulnerability score, Sensitivity",,,,,,0,0,0,0,0,0,0
Slovenia,,,"Vulnerability score, Water",,,,,,0,0,0,0,0,0,0
Netherlands,,,"Readiness score, Governance",,,,,,0,0,0,0,0,0,0
Estonia,,,"Readiness score, IMF-Adapted Economic",,,,,,0,0,0,0,0,0,0
Croatia,,,"Readiness score, Social",,,,,,0,0,0,0,0,0,0
Slovakia,,,"Vulnerability score, Capacity",,,,,,0,0,0,0,0,0,0
Czech Republic,,,"Vulnerability score, Ecosystems",,,,,,0,0,0,0,0,0,0
Poland,,,"Vulnerability score, Exposure",,,,,,0,0,0,0,0,0,0
Slovenia,,,"Vulnerability score, Food",,,,,,0,0,0,0,0,0,0
Netherlands,,,"Vulnerability score, Habitat",,,,,,0,0,0,0,0,0,0
Estonia,,,"Vulnerability score, Heath",,,,,,0,0,0,0,0,0,0
Croatia,,,"Vulnerability score, Infrastructure",,,,,,0,0,0,0,0,0,0
Slovakia,,,"Vulnerability score, Sensitivity",,,,,,0,0,0,0,0,0,0
Czech Republic,,,"Vulnerability score, Water",,,,,,0,0,0,0,0,0,0
Poland,,,"Readiness score, Governance",,,,,,0,0,0,0,0,0,0
Slovenia,,,"Readiness score, IMF-Adapted Economic",,,,,,0,0,0,0,0,0,0
Netherlands,,,"Readiness score, Social",,,,,,0,0,0,0,0,0,0
Estonia,,,"Vulnerability score, Capacity",,,,,,0,0,0,0,0,0,0
Croatia,,,"Vulnerability score, Ecosystems",,,,,,0,0,0,0,0,0,0
Slovakia,,,"Vulnerability score, Exposure",,,,,,0,0,0,0,0,0,0
Czech Republic,,,"Vulnerability score, Food",,,,,,0,0,0,0,0,0,0
Poland,,,"Vulnerability score, Habitat",,,,,,0,0,0,0,0,0,0
Slovenia,,,"Vulnerability score, Heath",,,,,,0,0,0,0,0,0,0
Netherlands,,,"Vulnerability score, Infrastructure",,,,,,0,0,0,0,0,0,0
Estonia,,,"Vulnerability score, Sensitivity",,,,,,0,0,0,0,0,0,0
Croatia,,,"Vulnerability score, Water",,,,,,0,0,0,0,0,0,0
Slovakia,,,"Readiness score, Governance",,,,,,0,0,0,0,0,0,0
Czech Republic,,,"Readiness score, IMF-Adapted Economic",,,,,,0,0,0,0,0,0,0
Poland,,,"Readiness score, Social",,,,,,0,0,0,0,0,0,0
Slovenia,,,"Vulnerability score, Capacity",,,,,,0,0,0,0,0,0,0
Netherlands,,,"Vulnerability score, Ecosystems",,,,,,0,0,0,0,0,0,0
Estonia,,,"Vulnerability score, Exposure",,,,,,0,0,0,0,0,0,0
Croatia,,,"Vulnerability score, Food",,,,,,0,0,0,0,0,0,0
Slovakia,,,"Vulnerability score, Habitat",,,,,,0,0,0,0,0,0,0
Czech Republic,,,"Vulnerability score, Heath",,,,,,0,0,0,0,0,0,0
Poland,,,"Vulnerability score, Infrastructure",,,,,,0,0,0,0,0,0,0
Slovenia,,,"Vulnerability score, Sensitivity",,,,,,0,0,0,0,0,0,0
Netherlands,,,"Vulnerability score, Water",,,,,,0,0,0,0,0,0,0
Estonia,,,"Readiness score, Governance",,,,,,0,0,0,0,0,0,0
Croatia,,,"Readiness score, IMF-Adapted Economic",,,,,,0,0,0,0,0,0,0
Slovakia,,,"Readiness score, Social",,,,,,0,0,0,0,0,0,0
Czech Republic,,,"Vulnerability score, Capacity",,,,,,0,0,0,0,0,0,0
Poland,,,"Vulnerability score, Ecosystems",,,,,,0,0,0,0,0,0,0
Slovenia,,,"Vulnerability score, Exposure",,,,,,0,0,0,0,0,0,0
Netherlands,,,"Vulnerability score, Food",,,,,,0,0,0,0,0,0,0
Estonia,,,"Vulnerability score, Habitat",,,,,,0,0,0,0,0,0,0
Croatia,,,"Vulnerability score, Heath",,,,,,0,0,0,0,0,0,0
Slovakia,,,"Vulnerability score, Infrastructure",,,,,,0,0,0,0,0,0,0
Czech Republic,,,"Vulnerability score, Sensitivity",,,,,,0,0,0,0,0,0,0
Poland,,,"Vulnerability score, Water",,,,,,0,0,0,0,0,0,0